USE Steam;

INSERT INTO `users` (`id`, `email`, `phone`, `password_hash`, `created_at`, `wallet_balance`) VALUES ('1', 'cyril.mitchell@example.com', '108.691.044', '024848737abf575d4d5371d8638aff145b03c03e', '1982-11-09 04:28:40', NULL);
INSERT INTO `users` (`id`, `email`, `phone`, `password_hash`, `created_at`, `wallet_balance`) VALUES ('2', 'nikolaus.edna@example.org', '881.967.367', '0ab167f43e8f751b7b0f8d07785a6c56a055b022', '1986-03-17 20:25:24', NULL);
INSERT INTO `users` (`id`, `email`, `phone`, `password_hash`, `created_at`, `wallet_balance`) VALUES ('3', 'strosin.lera@example.org', '(667)588-11', 'eb9fca22b9bb4ee1853a3ddc95cf2d5d799aee39', '2018-05-24 22:09:27', NULL);
INSERT INTO `users` (`id`, `email`, `phone`, `password_hash`, `created_at`, `wallet_balance`) VALUES ('4', 'pink.ritchie@example.com', '914-032-341', '5e84b7de3b554b22933e7afb31b25972a9f10d2d', '1985-01-03 14:24:14', NULL);
INSERT INTO `users` (`id`, `email`, `phone`, `password_hash`, `created_at`, `wallet_balance`) VALUES ('5', 'rhianna.herman@example.com', '403.981.078', '85cf573d262ce7a657ee0c2776039a334a1e3c90', '2013-10-25 05:24:36', NULL);
INSERT INTO `users` (`id`, `email`, `phone`, `password_hash`, `created_at`, `wallet_balance`) VALUES ('6', 'agibson@example.com', '(250)415-65', '0f1d59ec4aa4e276d29ebd1cbad3c6e74ac9bede', '2019-03-06 04:01:22', NULL);
INSERT INTO `users` (`id`, `email`, `phone`, `password_hash`, `created_at`, `wallet_balance`) VALUES ('7', 'mariela.stanton@example.org', '+10(2)62337', 'f628910e308ab2d6179498a5a35ce02c9920f7c6', '2008-05-15 20:11:31', NULL);
INSERT INTO `users` (`id`, `email`, `phone`, `password_hash`, `created_at`, `wallet_balance`) VALUES ('8', 'jadon12@example.org', '+89(7)06420', '58396206be074429d7ee425de2bbfb9b1b00c8f1', '1973-04-07 12:03:31', NULL);
INSERT INTO `users` (`id`, `email`, `phone`, `password_hash`, `created_at`, `wallet_balance`) VALUES ('9', 'maximus00@example.org', '+06(7)56541', '505f4fa398e10a3e44df1f72cceed583cb8e2bc4', '2019-10-18 19:37:21', NULL);
INSERT INTO `users` (`id`, `email`, `phone`, `password_hash`, `created_at`, `wallet_balance`) VALUES ('10', 'greenholt.bobby@example.com', '1-591-589-0', 'b309c63a4c3f15cc1d91442e313870bd1b93e69b', '1970-12-27 00:28:09', NULL);
INSERT INTO `users` (`id`, `email`, `phone`, `password_hash`, `created_at`, `wallet_balance`) VALUES ('11', 'nboehm@example.org', '06958335131', '156288e89d720b27ae6f30e47d0a7f6fd714acf1', '1975-10-30 20:42:04', NULL);
INSERT INTO `users` (`id`, `email`, `phone`, `password_hash`, `created_at`, `wallet_balance`) VALUES ('12', 'sydnee.hackett@example.org', '1-523-438-4', '12b998f1813347ddf757f3b2958855c492398604', '1989-07-24 13:36:01', NULL);
INSERT INTO `users` (`id`, `email`, `phone`, `password_hash`, `created_at`, `wallet_balance`) VALUES ('13', 'corbin24@example.com', '(840)141-56', '7629cba0dcdc615143934efc9becbb95d7929ce8', '2019-03-16 14:20:11', NULL);
INSERT INTO `users` (`id`, `email`, `phone`, `password_hash`, `created_at`, `wallet_balance`) VALUES ('14', 'kuhlman.gunnar@example.net', '07058882062', '9c0354b23f41985c5ca04189ac8fa8f4f821d74d', '2018-06-07 10:13:17', NULL);
INSERT INTO `users` (`id`, `email`, `phone`, `password_hash`, `created_at`, `wallet_balance`) VALUES ('15', 'delilah.quitzon@example.org', '1-911-349-5', '0d7e493304faf1494cfc98ff4122ca7f90cf73b2', '2008-11-11 03:00:18', NULL);
INSERT INTO `users` (`id`, `email`, `phone`, `password_hash`, `created_at`, `wallet_balance`) VALUES ('16', 'towne.broderick@example.org', '(064)257-62', 'd39a13d2f793142836a5ebeaa4d61e19cd8e699a', '1999-04-27 08:16:50', NULL);
INSERT INTO `users` (`id`, `email`, `phone`, `password_hash`, `created_at`, `wallet_balance`) VALUES ('17', 'tyreek.renner@example.org', '811.046.904', '8958fca9074f649979a172ee7359c28653ab0cdd', '2010-05-25 15:34:40', NULL);
INSERT INTO `users` (`id`, `email`, `phone`, `password_hash`, `created_at`, `wallet_balance`) VALUES ('18', 'talon.heaney@example.com', '1-273-271-3', '166a4e454371f2195f3f26e60cee0982fed9ca7d', '1976-08-08 21:30:13', NULL);
INSERT INTO `users` (`id`, `email`, `phone`, `password_hash`, `created_at`, `wallet_balance`) VALUES ('19', 'rickey25@example.com', '(446)526-97', '5e250049353c4f9b26b68bba5d86dd72f5a1dee8', '1994-09-03 03:47:35', NULL);
INSERT INTO `users` (`id`, `email`, `phone`, `password_hash`, `created_at`, `wallet_balance`) VALUES ('20', 'euna.rempel@example.net', '075-221-932', '41a62bdc2c85d05749acf6daebbe7e4fc3731308', '1992-05-29 22:22:21', NULL);
INSERT INTO `users` (`id`, `email`, `phone`, `password_hash`, `created_at`, `wallet_balance`) VALUES ('21', 'xabernathy@example.com', '833.128.568', '0c8c48ff4994fb53f8955affbcad62df6f18a8b2', '2020-08-01 13:16:41', NULL);
INSERT INTO `users` (`id`, `email`, `phone`, `password_hash`, `created_at`, `wallet_balance`) VALUES ('22', 'priscilla56@example.net', '(194)504-14', '17b927295d04e3d99c8d7a8ae4c1940229a4bc54', '2012-11-14 13:53:58', NULL);
INSERT INTO `users` (`id`, `email`, `phone`, `password_hash`, `created_at`, `wallet_balance`) VALUES ('23', 'darren45@example.org', '1-910-835-9', 'b26b7fb0f031b4d1658fd33c429519c3a45258ce', '2007-02-18 11:40:53', NULL);
INSERT INTO `users` (`id`, `email`, `phone`, `password_hash`, `created_at`, `wallet_balance`) VALUES ('24', 'uemmerich@example.net', '354-774-585', '48a2d78d764b8132990584d567f2eac6b4b7f646', '1993-06-07 06:26:15', NULL);
INSERT INTO `users` (`id`, `email`, `phone`, `password_hash`, `created_at`, `wallet_balance`) VALUES ('25', 'tracey56@example.net', '847.934.456', 'f1a09e8f9b562fd7d82ce4ed57471bb04601a7da', '1971-06-30 01:12:56', NULL);
INSERT INTO `users` (`id`, `email`, `phone`, `password_hash`, `created_at`, `wallet_balance`) VALUES ('26', 'belle.baumbach@example.net', '1-922-191-0', '87a5ff93047b66a4c386dff6fe28afe63550bd0e', '2006-01-17 09:24:00', NULL);
INSERT INTO `users` (`id`, `email`, `phone`, `password_hash`, `created_at`, `wallet_balance`) VALUES ('27', 'dnienow@example.net', '313.374.654', '71430e9ce3ade73b5eddc2817ca3705bd409b593', '1976-03-17 05:32:03', NULL);
INSERT INTO `users` (`id`, `email`, `phone`, `password_hash`, `created_at`, `wallet_balance`) VALUES ('28', 'fhomenick@example.org', '1-597-640-6', '88f725a66a33167540c6a62e190d50ac2c0ef078', '1973-07-21 07:16:15', NULL);
INSERT INTO `users` (`id`, `email`, `phone`, `password_hash`, `created_at`, `wallet_balance`) VALUES ('29', 'omari.zboncak@example.com', '1-898-084-8', '47bb3746051f3a28ea34e8607cb5bab6000167e7', '1991-05-19 04:26:37', NULL);
INSERT INTO `users` (`id`, `email`, `phone`, `password_hash`, `created_at`, `wallet_balance`) VALUES ('30', 'ruben.swaniawski@example.com', '04405982846', 'd272c1e9cfbe4d6630ffc690b0c735af79f52e45', '1987-01-03 17:53:03', NULL);
INSERT INTO `users` (`id`, `email`, `phone`, `password_hash`, `created_at`, `wallet_balance`) VALUES ('31', 'brandyn.towne@example.com', '(131)358-88', 'a20e27102c1fef55d9fc69a6edc03ee4aef33a1d', '2016-01-23 08:15:56', NULL);
INSERT INTO `users` (`id`, `email`, `phone`, `password_hash`, `created_at`, `wallet_balance`) VALUES ('32', 'akuphal@example.org', '993-472-432', 'f05476e042d4dcef56be4291eef39330f07b4ca7', '2016-06-12 23:39:01', NULL);
INSERT INTO `users` (`id`, `email`, `phone`, `password_hash`, `created_at`, `wallet_balance`) VALUES ('33', 'atillman@example.net', '+60(2)70169', '5b8ee38b15cbf562a547699a03e1779020ae04a3', '1993-03-03 15:35:23', NULL);
INSERT INTO `users` (`id`, `email`, `phone`, `password_hash`, `created_at`, `wallet_balance`) VALUES ('34', 'prosacco.eleanora@example.org', '848.787.728', '5201b0c26b72c303cfb81f5f93bcc359d8f4c2b7', '2006-02-27 14:42:27', NULL);
INSERT INTO `users` (`id`, `email`, `phone`, `password_hash`, `created_at`, `wallet_balance`) VALUES ('35', 'guadalupe34@example.org', '844.306.274', '70e58f55907176c01b6906189a384bf485a2135a', '1984-03-08 13:07:01', NULL);
INSERT INTO `users` (`id`, `email`, `phone`, `password_hash`, `created_at`, `wallet_balance`) VALUES ('36', 'janie.donnelly@example.net', '411.418.570', 'a3661128819b9bdd082315b112b180ee32c0b842', '2004-04-12 01:26:10', NULL);
INSERT INTO `users` (`id`, `email`, `phone`, `password_hash`, `created_at`, `wallet_balance`) VALUES ('37', 'meda59@example.com', '1-814-959-0', '999e380bfd9733836032345db82269cf7db24272', '2010-03-31 17:28:53', NULL);
INSERT INTO `users` (`id`, `email`, `phone`, `password_hash`, `created_at`, `wallet_balance`) VALUES ('38', 'mellie.prosacco@example.com', '241-769-798', '773cdefab207a303cba8d5694c7c68dc3bb8e93b', '2021-03-03 16:36:36', NULL);
INSERT INTO `users` (`id`, `email`, `phone`, `password_hash`, `created_at`, `wallet_balance`) VALUES ('39', 'daphnee42@example.com', '132.232.525', 'ceb0b0997cb54e637cfcff916dc4adcfeaf14e0c', '1996-06-29 01:22:59', NULL);
INSERT INTO `users` (`id`, `email`, `phone`, `password_hash`, `created_at`, `wallet_balance`) VALUES ('40', 'hoeger.eric@example.org', '948-646-872', 'e1aba5a69a7bb3a78e873b09a2f9cc3530874155', '1983-06-07 15:01:20', NULL);
INSERT INTO `users` (`id`, `email`, `phone`, `password_hash`, `created_at`, `wallet_balance`) VALUES ('41', 'okuneva.kian@example.net', '(752)913-56', 'da6903730ce1abdc5d8e0ea59f81df1364c0747b', '1999-02-04 05:47:00', NULL);
INSERT INTO `users` (`id`, `email`, `phone`, `password_hash`, `created_at`, `wallet_balance`) VALUES ('42', 'crona.christina@example.org', '+37(8)89703', '8e10fc0024a1e2e6d5ccf878ce5ae44ecec6873e', '1972-07-19 16:03:42', NULL);
INSERT INTO `users` (`id`, `email`, `phone`, `password_hash`, `created_at`, `wallet_balance`) VALUES ('43', 'marvin.ebba@example.net', '01171980227', 'ca1368d0f19fc341b86a65675fa4292e0162bd2a', '2012-05-30 19:33:19', NULL);
INSERT INTO `users` (`id`, `email`, `phone`, `password_hash`, `created_at`, `wallet_balance`) VALUES ('44', 'tito.boyer@example.org', '151-383-500', '13c545615525ef2a3e2559e9d42cf4a23a8fd143', '1985-06-19 21:32:11', NULL);
INSERT INTO `users` (`id`, `email`, `phone`, `password_hash`, `created_at`, `wallet_balance`) VALUES ('45', 'elubowitz@example.org', '(467)027-00', 'ccd34b5553e8e220b61813304f4889bfc5e96952', '2000-09-06 10:10:13', NULL);
INSERT INTO `users` (`id`, `email`, `phone`, `password_hash`, `created_at`, `wallet_balance`) VALUES ('46', 'reina.herman@example.org', '(199)996-33', '06319f9aa3bc75c7056e9cc4d9604cdf8992cad6', '1986-01-25 00:45:10', NULL);
INSERT INTO `users` (`id`, `email`, `phone`, `password_hash`, `created_at`, `wallet_balance`) VALUES ('47', 'd\'amore.jessika@example.com', '693-978-036', 'f659556114b5b4c46ce5df060f6bd109ebf790d8', '1976-06-30 07:05:06', NULL);
INSERT INTO `users` (`id`, `email`, `phone`, `password_hash`, `created_at`, `wallet_balance`) VALUES ('48', 'murray.tamara@example.org', '609-593-662', '8461b7c7ef51ff5bb782bc5e9e942f01498ba98a', '1978-07-16 13:32:42', NULL);
INSERT INTO `users` (`id`, `email`, `phone`, `password_hash`, `created_at`, `wallet_balance`) VALUES ('49', 'golda90@example.org', '+12(2)44743', '7d24521596de8228a1e431dbade077f3e612aff3', '2004-04-11 02:34:54', NULL);
INSERT INTO `users` (`id`, `email`, `phone`, `password_hash`, `created_at`, `wallet_balance`) VALUES ('50', 'allen.pacocha@example.org', '1-370-002-2', '15513d05d19e0be8d70c79bf803a2173b5a45cc2', '1993-12-03 14:52:25', NULL);
INSERT INTO `users` (`id`, `email`, `phone`, `password_hash`, `created_at`, `wallet_balance`) VALUES ('51', 'gboehm@example.com', '(241)351-46', 'a7e28ec2d7c73e0d6ef05c71cc2339fa098335e4', '1990-09-03 00:58:38', NULL);
INSERT INTO `users` (`id`, `email`, `phone`, `password_hash`, `created_at`, `wallet_balance`) VALUES ('52', 'fkeebler@example.com', '(466)041-95', 'e154074fc68d8d9b8b695b27fd48c724c4a03ef7', '1996-10-06 09:26:22', NULL);
INSERT INTO `users` (`id`, `email`, `phone`, `password_hash`, `created_at`, `wallet_balance`) VALUES ('53', 'jschaden@example.org', '+07(0)95303', '728ecc18fa979a3e3f93efe121bcec92fa29b9c8', '1972-02-26 13:14:56', NULL);
INSERT INTO `users` (`id`, `email`, `phone`, `password_hash`, `created_at`, `wallet_balance`) VALUES ('54', 'shanahan.domingo@example.org', '(457)571-87', 'aed7d0df06751e06355783f9957007fa359ead10', '2020-10-06 11:22:42', NULL);
INSERT INTO `users` (`id`, `email`, `phone`, `password_hash`, `created_at`, `wallet_balance`) VALUES ('55', 'florian.hudson@example.org', '1-720-949-7', '0a4ad579634fdbf115060acda9894efab47997fa', '1985-03-30 05:50:12', NULL);
INSERT INTO `users` (`id`, `email`, `phone`, `password_hash`, `created_at`, `wallet_balance`) VALUES ('56', 'omosciski@example.com', '962.743.174', 'fec8befe4117fd7a968626e3aceb51dfa228c03a', '2017-05-06 13:41:49', NULL);
INSERT INTO `users` (`id`, `email`, `phone`, `password_hash`, `created_at`, `wallet_balance`) VALUES ('57', 'reymundo.bruen@example.com', '(162)578-59', '994bc99c8863253cf234ec0684f9c5cf0d8865eb', '1973-05-17 01:37:51', NULL);
INSERT INTO `users` (`id`, `email`, `phone`, `password_hash`, `created_at`, `wallet_balance`) VALUES ('58', 'heidenreich.brandon@example.net', '673-586-532', '2437dff9c11351135b5d421ff45d8d2903a2aeb1', '2016-03-04 06:25:54', NULL);
INSERT INTO `users` (`id`, `email`, `phone`, `password_hash`, `created_at`, `wallet_balance`) VALUES ('59', 'tglover@example.net', '(946)284-33', '423c063f966ac5098a31374df56ca1625d9d2a4e', '2010-01-13 17:21:22', NULL);
INSERT INTO `users` (`id`, `email`, `phone`, `password_hash`, `created_at`, `wallet_balance`) VALUES ('60', 'whowe@example.net', '1-313-893-8', 'a87b80a04a35141503f645b3a859e3dd8183dbab', '1981-09-21 23:50:00', NULL);
INSERT INTO `users` (`id`, `email`, `phone`, `password_hash`, `created_at`, `wallet_balance`) VALUES ('61', 'fskiles@example.com', '694.075.180', 'c285c05f7ae4c9ac438e2fce493c856aec3bff2b', '1992-03-08 08:21:18', NULL);
INSERT INTO `users` (`id`, `email`, `phone`, `password_hash`, `created_at`, `wallet_balance`) VALUES ('62', 'pamela.christiansen@example.com', '287.599.338', '0fab4bfd851df93a2968421aa285bc39b92cd06e', '1993-01-29 23:19:43', NULL);
INSERT INTO `users` (`id`, `email`, `phone`, `password_hash`, `created_at`, `wallet_balance`) VALUES ('63', 'o\'conner.shania@example.org', '089.659.598', '6e8f21f1ad0fd41d77b49888f834470722192aca', '1992-09-03 14:24:28', NULL);
INSERT INTO `users` (`id`, `email`, `phone`, `password_hash`, `created_at`, `wallet_balance`) VALUES ('64', 'gabriel.schinner@example.com', '1-747-281-6', '1bf8832e154e5363697ccab5247fe188a2fbd5bb', '1980-08-14 12:24:33', NULL);
INSERT INTO `users` (`id`, `email`, `phone`, `password_hash`, `created_at`, `wallet_balance`) VALUES ('65', 'bianka16@example.net', '06926096473', '250ae28fc81bd76cfd50a32398e708cace954f4b', '1970-08-21 17:16:25', NULL);
INSERT INTO `users` (`id`, `email`, `phone`, `password_hash`, `created_at`, `wallet_balance`) VALUES ('66', 'marcellus.jakubowski@example.org', '1-901-297-6', '338fe15eb6ee6d0ef05afedeec3552c3e00dc4b5', '1981-05-24 04:12:18', NULL);
INSERT INTO `users` (`id`, `email`, `phone`, `password_hash`, `created_at`, `wallet_balance`) VALUES ('67', 'zena27@example.net', '(802)429-30', '2bede001691335e7fae89d20f9551f8bbdba6b43', '2007-10-31 01:10:25', NULL);
INSERT INTO `users` (`id`, `email`, `phone`, `password_hash`, `created_at`, `wallet_balance`) VALUES ('68', 'schneider.reginald@example.net', '577.045.639', 'a0088fe9e2e8df431e26e54704f02d04ec03770c', '2003-02-22 13:04:20', NULL);
INSERT INTO `users` (`id`, `email`, `phone`, `password_hash`, `created_at`, `wallet_balance`) VALUES ('69', 'yundt.lewis@example.net', '137.038.047', '5cbc4089c9e0e10b3a109d6997b108089331f340', '2006-07-17 11:28:17', NULL);
INSERT INTO `users` (`id`, `email`, `phone`, `password_hash`, `created_at`, `wallet_balance`) VALUES ('70', 'pbernhard@example.org', '1-061-254-5', 'efc3afa3efc7a93256769e70c3e8b062042bc883', '2004-03-10 09:02:57', NULL);
INSERT INTO `users` (`id`, `email`, `phone`, `password_hash`, `created_at`, `wallet_balance`) VALUES ('71', 'kessler.augustus@example.org', '+11(8)95157', '44955382ae9ada50ad9e2fee4625e2ec86b7420f', '2010-12-07 04:01:27', NULL);
INSERT INTO `users` (`id`, `email`, `phone`, `password_hash`, `created_at`, `wallet_balance`) VALUES ('72', 'gutkowski.fletcher@example.com', '444.949.409', '6dda1de15cf449b1145d95fa946af02f0c61d8e2', '2005-10-20 17:01:57', NULL);
INSERT INTO `users` (`id`, `email`, `phone`, `password_hash`, `created_at`, `wallet_balance`) VALUES ('73', 'raymundo60@example.com', '(846)272-91', 'fdbdb0429dddae8efc47b128a4d170a41ca5d323', '1976-10-22 03:53:30', NULL);
INSERT INTO `users` (`id`, `email`, `phone`, `password_hash`, `created_at`, `wallet_balance`) VALUES ('74', 'jerrell.considine@example.org', '09095109614', '375f6d53723fdcd98e123e49cc80b41ebc587fcc', '2004-08-10 02:15:37', NULL);
INSERT INTO `users` (`id`, `email`, `phone`, `password_hash`, `created_at`, `wallet_balance`) VALUES ('75', 'stokes.marilyne@example.com', '288-832-787', 'c4d915982bfe41aeab99cf816e3f71b8a8757218', '1977-11-07 22:42:01', NULL);
INSERT INTO `users` (`id`, `email`, `phone`, `password_hash`, `created_at`, `wallet_balance`) VALUES ('76', 'imetz@example.com', '590.135.298', 'a7462de1dccf61a472eeddff148cf44319500a5b', '2004-09-07 02:34:43', NULL);
INSERT INTO `users` (`id`, `email`, `phone`, `password_hash`, `created_at`, `wallet_balance`) VALUES ('77', 'satterfield.aidan@example.net', '04479825953', 'b4dfaf2c109065237bc3379589bb5b2f10905747', '1972-01-26 02:38:41', NULL);
INSERT INTO `users` (`id`, `email`, `phone`, `password_hash`, `created_at`, `wallet_balance`) VALUES ('78', 'hillary45@example.net', '731.599.025', '7658d74fe116cdf630567e8864eca52637b8894d', '1992-06-15 04:59:23', NULL);
INSERT INTO `users` (`id`, `email`, `phone`, `password_hash`, `created_at`, `wallet_balance`) VALUES ('79', 'brady02@example.net', '708.127.017', 'cfae401779a8b6638b3eab8bd6199ce57d3d1576', '2014-10-15 10:49:07', NULL);
INSERT INTO `users` (`id`, `email`, `phone`, `password_hash`, `created_at`, `wallet_balance`) VALUES ('80', 'kutch.maryam@example.net', '+36(2)65617', 'c022fcb2f52668f50a69fb7e38e91a0b202d3aa7', '2006-04-11 18:25:24', NULL);
INSERT INTO `users` (`id`, `email`, `phone`, `password_hash`, `created_at`, `wallet_balance`) VALUES ('81', 'leannon.aileen@example.com', '1-461-649-1', '944a2a257207c9effec2f3c598c28aa9eb71d35d', '2006-05-07 11:11:01', NULL);
INSERT INTO `users` (`id`, `email`, `phone`, `password_hash`, `created_at`, `wallet_balance`) VALUES ('82', 'zdurgan@example.net', '00360679529', '97f7a12c07fe046411b3a2add987ca78d7983c20', '1989-02-23 15:23:25', NULL);
INSERT INTO `users` (`id`, `email`, `phone`, `password_hash`, `created_at`, `wallet_balance`) VALUES ('83', 'thiel.shany@example.org', '395.938.191', '71219ebb174aaec43b2c8a4d2a81b9f62e6f2575', '2010-09-19 08:36:01', NULL);
INSERT INTO `users` (`id`, `email`, `phone`, `password_hash`, `created_at`, `wallet_balance`) VALUES ('84', 'britney79@example.org', '1-965-106-0', 'b64311cb4fc3d29806380711fa50229b75c9607f', '2019-01-13 05:25:40', NULL);
INSERT INTO `users` (`id`, `email`, `phone`, `password_hash`, `created_at`, `wallet_balance`) VALUES ('85', 'skiles.diego@example.org', '01473816146', '346cdddb00958670b503e26aae4cc5f05970cc82', '1995-05-11 08:53:07', NULL);
INSERT INTO `users` (`id`, `email`, `phone`, `password_hash`, `created_at`, `wallet_balance`) VALUES ('86', 'pgislason@example.net', '(520)188-11', '16ac7ac9f74cebb633cab2a7b39cc2bcf444752e', '1993-01-22 01:12:52', NULL);
INSERT INTO `users` (`id`, `email`, `phone`, `password_hash`, `created_at`, `wallet_balance`) VALUES ('87', 'adam.lang@example.com', '942.311.922', 'ac380c9162c3e58f4cca4507c409f90fa53a07c7', '2002-04-15 22:22:29', NULL);
INSERT INTO `users` (`id`, `email`, `phone`, `password_hash`, `created_at`, `wallet_balance`) VALUES ('88', 'glover.eliza@example.com', '895.801.342', 'cbf1d894d081ac860be60a78c4bfd2d860f3f7c4', '1989-03-24 15:12:54', NULL);
INSERT INTO `users` (`id`, `email`, `phone`, `password_hash`, `created_at`, `wallet_balance`) VALUES ('89', 'alycia.leuschke@example.org', '680.803.211', '42f03e1f93430c9f258cff9514a6d0cc779a619f', '1981-12-06 03:35:46', NULL);
INSERT INTO `users` (`id`, `email`, `phone`, `password_hash`, `created_at`, `wallet_balance`) VALUES ('90', 'jerry.schoen@example.org', '217.412.557', '156addd6f7921e86850009d4112295e8af78433a', '1973-05-21 13:55:11', NULL);
INSERT INTO `users` (`id`, `email`, `phone`, `password_hash`, `created_at`, `wallet_balance`) VALUES ('91', 'felix.shanahan@example.org', '1-515-738-8', '590480c6a82f8abf8057f303701230d6b447a009', '2015-10-19 06:58:50', NULL);
INSERT INTO `users` (`id`, `email`, `phone`, `password_hash`, `created_at`, `wallet_balance`) VALUES ('92', 'tkuhlman@example.org', '214-364-839', 'c319017fe7764cb82bdfb45847b84fab7ede319f', '1997-03-06 23:17:03', NULL);
INSERT INTO `users` (`id`, `email`, `phone`, `password_hash`, `created_at`, `wallet_balance`) VALUES ('93', 'allan.trantow@example.com', '169.897.349', '7fd76f195c380e3e0eb7fb85a532eca3e864153b', '2018-12-09 01:59:47', NULL);
INSERT INTO `users` (`id`, `email`, `phone`, `password_hash`, `created_at`, `wallet_balance`) VALUES ('94', 'jconroy@example.net', '(495)997-96', '0f26a09dbef5dafa5d3693915d5e0db5972f93a0', '1988-08-12 22:10:15', NULL);
INSERT INTO `users` (`id`, `email`, `phone`, `password_hash`, `created_at`, `wallet_balance`) VALUES ('95', 'ewaelchi@example.org', '689.243.447', 'ba129edb792fe944ce8bf10e6d7920601f1f1212', '2019-03-15 03:09:03', NULL);
INSERT INTO `users` (`id`, `email`, `phone`, `password_hash`, `created_at`, `wallet_balance`) VALUES ('96', 'garry.bartoletti@example.com', '(168)199-37', '6f445171c26f29015d8acfccf3cbd11f697a8ca5', '2021-02-28 12:18:59', NULL);
INSERT INTO `users` (`id`, `email`, `phone`, `password_hash`, `created_at`, `wallet_balance`) VALUES ('97', 'haley.brandi@example.net', '(084)839-84', '2470a19d3d6be51b90cf84e8322138ec747c7ab4', '2013-12-18 03:40:45', NULL);
INSERT INTO `users` (`id`, `email`, `phone`, `password_hash`, `created_at`, `wallet_balance`) VALUES ('98', 'douglas.bill@example.org', '1-365-786-2', 'e2df4c17a7306d5e56936c206a82bcad6ae77dfc', '1975-11-06 03:08:57', NULL);
INSERT INTO `users` (`id`, `email`, `phone`, `password_hash`, `created_at`, `wallet_balance`) VALUES ('99', 'oconroy@example.com', '+17(7)01501', '715854b99f032eb4542393d481ee2eac2c0d3aaa', '2013-10-30 12:14:34', NULL);
INSERT INTO `users` (`id`, `email`, `phone`, `password_hash`, `created_at`, `wallet_balance`) VALUES ('100', 'wfriesen@example.com', '1-657-031-1', '8a1d871fdb2c124b4bde34ec833c98b2d85ef3cd', '1979-10-24 02:55:13', NULL);


INSERT INTO `media_types` (`id`, `name`) VALUES (1, 'image');
INSERT INTO `media_types` (`id`, `name`) VALUES (2, 'video');
INSERT INTO `media_types` (`id`, `name`) VALUES (3, 'music');
INSERT INTO `media_types` (`id`, `name`) VALUES (4, 'document');


INSERT INTO `developers` (`id`, `name`) VALUES ('24', 'at');
INSERT INTO `developers` (`id`, `name`) VALUES ('27', 'autem');
INSERT INTO `developers` (`id`, `name`) VALUES ('26', 'consequatur');
INSERT INTO `developers` (`id`, `name`) VALUES ('12', 'corrupti');
INSERT INTO `developers` (`id`, `name`) VALUES ('4', 'cum');
INSERT INTO `developers` (`id`, `name`) VALUES ('11', 'delectus');
INSERT INTO `developers` (`id`, `name`) VALUES ('13', 'dignissimos');
INSERT INTO `developers` (`id`, `name`) VALUES ('20', 'dolore');
INSERT INTO `developers` (`id`, `name`) VALUES ('17', 'dolorem');
INSERT INTO `developers` (`id`, `name`) VALUES ('8', 'dolores');
INSERT INTO `developers` (`id`, `name`) VALUES ('6', 'enim');
INSERT INTO `developers` (`id`, `name`) VALUES ('2', 'et');
INSERT INTO `developers` (`id`, `name`) VALUES ('25', 'eveniet');
INSERT INTO `developers` (`id`, `name`) VALUES ('29', 'facere');
INSERT INTO `developers` (`id`, `name`) VALUES ('10', 'iste');
INSERT INTO `developers` (`id`, `name`) VALUES ('22', 'labore');
INSERT INTO `developers` (`id`, `name`) VALUES ('19', 'maxime');
INSERT INTO `developers` (`id`, `name`) VALUES ('15', 'molestiae');
INSERT INTO `developers` (`id`, `name`) VALUES ('1', 'nobis');
INSERT INTO `developers` (`id`, `name`) VALUES ('14', 'nulla');
INSERT INTO `developers` (`id`, `name`) VALUES ('28', 'numquam');
INSERT INTO `developers` (`id`, `name`) VALUES ('16', 'omnis');
INSERT INTO `developers` (`id`, `name`) VALUES ('5', 'quam');
INSERT INTO `developers` (`id`, `name`) VALUES ('30', 'repellat');
INSERT INTO `developers` (`id`, `name`) VALUES ('9', 'sapiente');
INSERT INTO `developers` (`id`, `name`) VALUES ('3', 'sed');
INSERT INTO `developers` (`id`, `name`) VALUES ('7', 'sequi');
INSERT INTO `developers` (`id`, `name`) VALUES ('21', 'unde');
INSERT INTO `developers` (`id`, `name`) VALUES ('18', 'velit');
INSERT INTO `developers` (`id`, `name`) VALUES ('23', 'veniam');


INSERT INTO `product` (`id`, `release_date`, `developer_id`, `cost`) VALUES ('1', '2008-01-26 05:17:57', '1', '539823168');
INSERT INTO `product` (`id`, `release_date`, `developer_id`, `cost`) VALUES ('2', '1988-09-08 05:54:58', '2', '9');
INSERT INTO `product` (`id`, `release_date`, `developer_id`, `cost`) VALUES ('3', '1986-05-18 04:12:46', '3', '326');
INSERT INTO `product` (`id`, `release_date`, `developer_id`, `cost`) VALUES ('4', '1991-05-15 01:20:30', '4', '36726');
INSERT INTO `product` (`id`, `release_date`, `developer_id`, `cost`) VALUES ('5', '1988-12-18 07:31:49', '5', '404700');
INSERT INTO `product` (`id`, `release_date`, `developer_id`, `cost`) VALUES ('6', '1996-12-21 10:50:10', '6', '574610');
INSERT INTO `product` (`id`, `release_date`, `developer_id`, `cost`) VALUES ('7', '2017-08-27 21:48:13', '7', '5889820');
INSERT INTO `product` (`id`, `release_date`, `developer_id`, `cost`) VALUES ('8', '1995-05-05 13:09:31', '8', '3');
INSERT INTO `product` (`id`, `release_date`, `developer_id`, `cost`) VALUES ('9', '1975-10-24 14:30:12', '9', '960');
INSERT INTO `product` (`id`, `release_date`, `developer_id`, `cost`) VALUES ('10', '2005-10-18 06:43:36', '10', '157547081');
INSERT INTO `product` (`id`, `release_date`, `developer_id`, `cost`) VALUES ('11', '1973-09-30 04:22:05', '11', '115');
INSERT INTO `product` (`id`, `release_date`, `developer_id`, `cost`) VALUES ('12', '2005-10-27 10:29:19', '12', '14');
INSERT INTO `product` (`id`, `release_date`, `developer_id`, `cost`) VALUES ('13', '1978-01-16 07:49:03', '13', '2');
INSERT INTO `product` (`id`, `release_date`, `developer_id`, `cost`) VALUES ('14', '2002-08-23 13:13:54', '14', '28');
INSERT INTO `product` (`id`, `release_date`, `developer_id`, `cost`) VALUES ('15', '1988-12-27 08:26:49', '15', '274390');
INSERT INTO `product` (`id`, `release_date`, `developer_id`, `cost`) VALUES ('16', '1972-04-23 08:01:49', '16', '39570');
INSERT INTO `product` (`id`, `release_date`, `developer_id`, `cost`) VALUES ('17', '2002-10-27 20:48:31', '17', '1069');
INSERT INTO `product` (`id`, `release_date`, `developer_id`, `cost`) VALUES ('18', '1980-03-27 19:46:30', '18', '0');
INSERT INTO `product` (`id`, `release_date`, `developer_id`, `cost`) VALUES ('19', '2012-11-22 05:19:52', '19', '4');
INSERT INTO `product` (`id`, `release_date`, `developer_id`, `cost`) VALUES ('20', '2016-04-20 03:02:15', '20', '1921');
INSERT INTO `product` (`id`, `release_date`, `developer_id`, `cost`) VALUES ('21', '2003-09-16 15:47:01', '21', '3055');
INSERT INTO `product` (`id`, `release_date`, `developer_id`, `cost`) VALUES ('22', '2009-02-15 02:55:31', '22', '6');
INSERT INTO `product` (`id`, `release_date`, `developer_id`, `cost`) VALUES ('23', '1982-04-02 06:23:02', '23', '1591186');
INSERT INTO `product` (`id`, `release_date`, `developer_id`, `cost`) VALUES ('24', '1995-12-03 00:56:43', '24', '0');
INSERT INTO `product` (`id`, `release_date`, `developer_id`, `cost`) VALUES ('25', '1999-10-25 17:53:11', '25', '1830');
INSERT INTO `product` (`id`, `release_date`, `developer_id`, `cost`) VALUES ('26', '1983-08-28 03:20:19', '26', '15792810');
INSERT INTO `product` (`id`, `release_date`, `developer_id`, `cost`) VALUES ('27', '1997-07-20 20:13:35', '27', '213060252');
INSERT INTO `product` (`id`, `release_date`, `developer_id`, `cost`) VALUES ('28', '1986-10-13 06:00:17', '28', '30');
INSERT INTO `product` (`id`, `release_date`, `developer_id`, `cost`) VALUES ('29', '2006-08-21 00:42:50', '29', '81953260');
INSERT INTO `product` (`id`, `release_date`, `developer_id`, `cost`) VALUES ('30', '2014-11-10 01:55:52', '30', '0');
INSERT INTO `product` (`id`, `release_date`, `developer_id`, `cost`) VALUES ('31', '2017-09-23 11:22:55', '1', '211951');
INSERT INTO `product` (`id`, `release_date`, `developer_id`, `cost`) VALUES ('32', '2013-02-04 16:34:01', '2', '2');
INSERT INTO `product` (`id`, `release_date`, `developer_id`, `cost`) VALUES ('33', '1987-09-13 07:54:03', '3', '19817204');
INSERT INTO `product` (`id`, `release_date`, `developer_id`, `cost`) VALUES ('34', '2013-08-26 04:57:30', '4', '305317716');
INSERT INTO `product` (`id`, `release_date`, `developer_id`, `cost`) VALUES ('35', '2019-07-26 13:00:26', '5', '0');
INSERT INTO `product` (`id`, `release_date`, `developer_id`, `cost`) VALUES ('36', '1997-03-19 06:27:24', '6', '0');
INSERT INTO `product` (`id`, `release_date`, `developer_id`, `cost`) VALUES ('37', '1984-10-19 16:04:34', '7', '8741');
INSERT INTO `product` (`id`, `release_date`, `developer_id`, `cost`) VALUES ('38', '2010-11-23 03:00:34', '8', '175183');
INSERT INTO `product` (`id`, `release_date`, `developer_id`, `cost`) VALUES ('39', '1974-08-17 06:00:20', '9', '0');
INSERT INTO `product` (`id`, `release_date`, `developer_id`, `cost`) VALUES ('40', '2007-10-18 21:03:31', '10', '971');
INSERT INTO `product` (`id`, `release_date`, `developer_id`, `cost`) VALUES ('41', '2015-12-28 18:02:19', '11', '0');
INSERT INTO `product` (`id`, `release_date`, `developer_id`, `cost`) VALUES ('42', '2009-06-04 06:50:38', '12', '2');
INSERT INTO `product` (`id`, `release_date`, `developer_id`, `cost`) VALUES ('43', '2010-04-10 11:30:25', '13', '52');
INSERT INTO `product` (`id`, `release_date`, `developer_id`, `cost`) VALUES ('44', '1992-03-29 13:24:24', '14', '25');
INSERT INTO `product` (`id`, `release_date`, `developer_id`, `cost`) VALUES ('45', '1993-01-10 14:50:32', '15', '7889934');
INSERT INTO `product` (`id`, `release_date`, `developer_id`, `cost`) VALUES ('46', '1981-12-16 05:00:44', '16', '588401740');
INSERT INTO `product` (`id`, `release_date`, `developer_id`, `cost`) VALUES ('47', '2020-10-05 00:05:55', '17', '49');
INSERT INTO `product` (`id`, `release_date`, `developer_id`, `cost`) VALUES ('48', '1993-05-31 04:03:23', '18', '1');
INSERT INTO `product` (`id`, `release_date`, `developer_id`, `cost`) VALUES ('49', '1988-06-30 14:31:13', '19', '110719601');
INSERT INTO `product` (`id`, `release_date`, `developer_id`, `cost`) VALUES ('50', '1994-03-19 17:48:40', '20', '5488');
INSERT INTO `product` (`id`, `release_date`, `developer_id`, `cost`) VALUES ('51', '2017-12-28 11:35:37', '21', '2320');
INSERT INTO `product` (`id`, `release_date`, `developer_id`, `cost`) VALUES ('52', '1974-06-04 09:41:53', '22', '0');
INSERT INTO `product` (`id`, `release_date`, `developer_id`, `cost`) VALUES ('53', '2017-03-18 00:59:19', '23', '375271');
INSERT INTO `product` (`id`, `release_date`, `developer_id`, `cost`) VALUES ('54', '1985-09-04 18:14:33', '24', '15829');
INSERT INTO `product` (`id`, `release_date`, `developer_id`, `cost`) VALUES ('55', '1996-05-07 01:13:18', '25', '6069');
INSERT INTO `product` (`id`, `release_date`, `developer_id`, `cost`) VALUES ('56', '1985-12-09 21:30:26', '26', '206');
INSERT INTO `product` (`id`, `release_date`, `developer_id`, `cost`) VALUES ('57', '1985-01-14 13:59:30', '27', '2509');
INSERT INTO `product` (`id`, `release_date`, `developer_id`, `cost`) VALUES ('58', '1990-09-02 10:15:37', '28', '395974');
INSERT INTO `product` (`id`, `release_date`, `developer_id`, `cost`) VALUES ('59', '2004-01-11 11:19:31', '29', '32');
INSERT INTO `product` (`id`, `release_date`, `developer_id`, `cost`) VALUES ('60', '1986-09-12 21:51:25', '30', '0');
INSERT INTO `product` (`id`, `release_date`, `developer_id`, `cost`) VALUES ('61', '2003-10-26 20:51:18', '1', '0');
INSERT INTO `product` (`id`, `release_date`, `developer_id`, `cost`) VALUES ('62', '1994-08-08 23:18:41', '2', '81398368');
INSERT INTO `product` (`id`, `release_date`, `developer_id`, `cost`) VALUES ('63', '2015-10-01 01:50:07', '3', '1143292');
INSERT INTO `product` (`id`, `release_date`, `developer_id`, `cost`) VALUES ('64', '1995-03-07 00:50:03', '4', '0');
INSERT INTO `product` (`id`, `release_date`, `developer_id`, `cost`) VALUES ('65', '2004-10-12 04:54:03', '5', '0');
INSERT INTO `product` (`id`, `release_date`, `developer_id`, `cost`) VALUES ('66', '2007-04-13 16:55:39', '6', '60595');
INSERT INTO `product` (`id`, `release_date`, `developer_id`, `cost`) VALUES ('67', '2011-06-19 09:16:24', '7', '4189');
INSERT INTO `product` (`id`, `release_date`, `developer_id`, `cost`) VALUES ('68', '2011-01-16 17:26:34', '8', '0');
INSERT INTO `product` (`id`, `release_date`, `developer_id`, `cost`) VALUES ('69', '1989-12-15 12:24:20', '9', '44887845');
INSERT INTO `product` (`id`, `release_date`, `developer_id`, `cost`) VALUES ('70', '1983-09-09 19:23:47', '10', '5');
INSERT INTO `product` (`id`, `release_date`, `developer_id`, `cost`) VALUES ('71', '2013-05-02 11:58:19', '11', '1');
INSERT INTO `product` (`id`, `release_date`, `developer_id`, `cost`) VALUES ('72', '2005-11-01 07:48:42', '12', '69359666');
INSERT INTO `product` (`id`, `release_date`, `developer_id`, `cost`) VALUES ('73', '1991-05-14 15:33:42', '13', '3435011');
INSERT INTO `product` (`id`, `release_date`, `developer_id`, `cost`) VALUES ('74', '1995-09-02 17:45:22', '14', '13664428');
INSERT INTO `product` (`id`, `release_date`, `developer_id`, `cost`) VALUES ('75', '1991-01-08 18:39:17', '15', '221620054');
INSERT INTO `product` (`id`, `release_date`, `developer_id`, `cost`) VALUES ('76', '1993-06-30 20:07:29', '16', '0');
INSERT INTO `product` (`id`, `release_date`, `developer_id`, `cost`) VALUES ('77', '2015-01-28 04:52:04', '17', '8');
INSERT INTO `product` (`id`, `release_date`, `developer_id`, `cost`) VALUES ('78', '1996-03-18 10:26:00', '18', '5491');
INSERT INTO `product` (`id`, `release_date`, `developer_id`, `cost`) VALUES ('79', '1991-10-23 21:19:11', '19', '122');
INSERT INTO `product` (`id`, `release_date`, `developer_id`, `cost`) VALUES ('80', '1973-06-23 19:09:30', '20', '172');
INSERT INTO `product` (`id`, `release_date`, `developer_id`, `cost`) VALUES ('81', '1999-11-30 07:14:37', '21', '4360');
INSERT INTO `product` (`id`, `release_date`, `developer_id`, `cost`) VALUES ('82', '2012-09-12 15:52:15', '22', '328249');
INSERT INTO `product` (`id`, `release_date`, `developer_id`, `cost`) VALUES ('83', '1999-02-24 09:34:30', '23', '1');
INSERT INTO `product` (`id`, `release_date`, `developer_id`, `cost`) VALUES ('84', '1997-08-13 12:59:55', '24', '25');
INSERT INTO `product` (`id`, `release_date`, `developer_id`, `cost`) VALUES ('85', '1974-06-10 13:39:43', '25', '0');
INSERT INTO `product` (`id`, `release_date`, `developer_id`, `cost`) VALUES ('86', '1984-02-27 13:38:43', '26', '1');
INSERT INTO `product` (`id`, `release_date`, `developer_id`, `cost`) VALUES ('87', '1983-07-26 20:00:05', '27', '5214');
INSERT INTO `product` (`id`, `release_date`, `developer_id`, `cost`) VALUES ('88', '2012-03-17 12:29:38', '28', '192285');
INSERT INTO `product` (`id`, `release_date`, `developer_id`, `cost`) VALUES ('89', '1998-08-19 11:49:30', '29', '13245135');
INSERT INTO `product` (`id`, `release_date`, `developer_id`, `cost`) VALUES ('90', '1976-09-25 23:21:58', '30', '0');
INSERT INTO `product` (`id`, `release_date`, `developer_id`, `cost`) VALUES ('91', '1986-06-13 02:21:25', '1', '25');
INSERT INTO `product` (`id`, `release_date`, `developer_id`, `cost`) VALUES ('92', '1977-11-15 19:01:44', '2', '10405');
INSERT INTO `product` (`id`, `release_date`, `developer_id`, `cost`) VALUES ('93', '1973-07-29 13:18:24', '3', '155');
INSERT INTO `product` (`id`, `release_date`, `developer_id`, `cost`) VALUES ('94', '1981-10-24 06:29:13', '4', '4');
INSERT INTO `product` (`id`, `release_date`, `developer_id`, `cost`) VALUES ('95', '1972-09-22 06:00:00', '5', '10');
INSERT INTO `product` (`id`, `release_date`, `developer_id`, `cost`) VALUES ('96', '1994-06-08 11:43:07', '6', '183601');
INSERT INTO `product` (`id`, `release_date`, `developer_id`, `cost`) VALUES ('97', '1997-09-25 21:35:12', '7', '13281836');
INSERT INTO `product` (`id`, `release_date`, `developer_id`, `cost`) VALUES ('98', '2015-12-22 19:07:46', '8', '675020');
INSERT INTO `product` (`id`, `release_date`, `developer_id`, `cost`) VALUES ('99', '1994-05-21 19:56:37', '9', '1');
INSERT INTO `product` (`id`, `release_date`, `developer_id`, `cost`) VALUES ('100', '1989-10-10 07:12:00', '10', '588835');
INSERT INTO `product` (`id`, `release_date`, `developer_id`, `cost`) VALUES ('101', '2017-04-29 05:40:52', '11', '229258651');
INSERT INTO `product` (`id`, `release_date`, `developer_id`, `cost`) VALUES ('102', '2001-02-20 13:25:04', '12', '7159');
INSERT INTO `product` (`id`, `release_date`, `developer_id`, `cost`) VALUES ('103', '2001-09-20 07:35:13', '13', '41338');
INSERT INTO `product` (`id`, `release_date`, `developer_id`, `cost`) VALUES ('104', '2010-06-10 10:47:51', '14', '55404377');
INSERT INTO `product` (`id`, `release_date`, `developer_id`, `cost`) VALUES ('105', '1977-03-19 08:38:57', '15', '29014');
INSERT INTO `product` (`id`, `release_date`, `developer_id`, `cost`) VALUES ('106', '1989-12-22 06:32:08', '16', '532');
INSERT INTO `product` (`id`, `release_date`, `developer_id`, `cost`) VALUES ('107', '1990-05-12 16:08:05', '17', '1208659');
INSERT INTO `product` (`id`, `release_date`, `developer_id`, `cost`) VALUES ('108', '1981-10-16 23:09:59', '18', '0');
INSERT INTO `product` (`id`, `release_date`, `developer_id`, `cost`) VALUES ('109', '1988-10-19 14:03:16', '19', '11019');
INSERT INTO `product` (`id`, `release_date`, `developer_id`, `cost`) VALUES ('110', '1998-06-09 22:29:27', '20', '429');
INSERT INTO `product` (`id`, `release_date`, `developer_id`, `cost`) VALUES ('111', '2017-01-03 09:48:11', '21', '2536761');
INSERT INTO `product` (`id`, `release_date`, `developer_id`, `cost`) VALUES ('112', '1987-02-19 15:31:09', '22', '416744187');
INSERT INTO `product` (`id`, `release_date`, `developer_id`, `cost`) VALUES ('113', '1973-05-08 22:18:22', '23', '0');
INSERT INTO `product` (`id`, `release_date`, `developer_id`, `cost`) VALUES ('114', '2011-05-16 21:16:57', '24', '3043');
INSERT INTO `product` (`id`, `release_date`, `developer_id`, `cost`) VALUES ('115', '1997-06-21 17:44:36', '25', '17023469');
INSERT INTO `product` (`id`, `release_date`, `developer_id`, `cost`) VALUES ('116', '1977-04-30 03:20:42', '26', '399');
INSERT INTO `product` (`id`, `release_date`, `developer_id`, `cost`) VALUES ('117', '1989-08-11 02:55:29', '27', '7939');
INSERT INTO `product` (`id`, `release_date`, `developer_id`, `cost`) VALUES ('118', '2005-12-22 11:19:40', '28', '2032');
INSERT INTO `product` (`id`, `release_date`, `developer_id`, `cost`) VALUES ('119', '1978-06-13 10:51:36', '29', '133');
INSERT INTO `product` (`id`, `release_date`, `developer_id`, `cost`) VALUES ('120', '1970-06-02 04:26:00', '30', '3');
INSERT INTO `product` (`id`, `release_date`, `developer_id`, `cost`) VALUES ('121', '1985-11-02 06:55:15', '1', '216258');
INSERT INTO `product` (`id`, `release_date`, `developer_id`, `cost`) VALUES ('122', '1999-02-15 06:43:37', '2', '15');
INSERT INTO `product` (`id`, `release_date`, `developer_id`, `cost`) VALUES ('123', '1999-08-07 12:27:19', '3', '0');
INSERT INTO `product` (`id`, `release_date`, `developer_id`, `cost`) VALUES ('124', '2019-08-15 10:43:01', '4', '207877');
INSERT INTO `product` (`id`, `release_date`, `developer_id`, `cost`) VALUES ('125', '1986-10-13 10:30:59', '5', '4');
INSERT INTO `product` (`id`, `release_date`, `developer_id`, `cost`) VALUES ('126', '1980-08-29 19:44:22', '6', '338427');
INSERT INTO `product` (`id`, `release_date`, `developer_id`, `cost`) VALUES ('127', '1985-11-10 12:40:40', '7', '101485209');
INSERT INTO `product` (`id`, `release_date`, `developer_id`, `cost`) VALUES ('128', '1997-11-04 23:28:53', '8', '233');
INSERT INTO `product` (`id`, `release_date`, `developer_id`, `cost`) VALUES ('129', '1996-04-14 01:04:28', '9', '0');
INSERT INTO `product` (`id`, `release_date`, `developer_id`, `cost`) VALUES ('130', '2017-02-09 06:09:03', '10', '545');
INSERT INTO `product` (`id`, `release_date`, `developer_id`, `cost`) VALUES ('131', '2007-02-14 04:15:24', '11', '503747795');
INSERT INTO `product` (`id`, `release_date`, `developer_id`, `cost`) VALUES ('132', '1987-02-19 22:03:09', '12', '60776');
INSERT INTO `product` (`id`, `release_date`, `developer_id`, `cost`) VALUES ('133', '2011-03-25 13:15:14', '13', '106');
INSERT INTO `product` (`id`, `release_date`, `developer_id`, `cost`) VALUES ('134', '1983-07-16 05:48:28', '14', '5');
INSERT INTO `product` (`id`, `release_date`, `developer_id`, `cost`) VALUES ('135', '1979-04-14 09:09:37', '15', '8');
INSERT INTO `product` (`id`, `release_date`, `developer_id`, `cost`) VALUES ('136', '1971-03-16 23:33:43', '16', '548');
INSERT INTO `product` (`id`, `release_date`, `developer_id`, `cost`) VALUES ('137', '1980-02-08 18:22:28', '17', '22201316');
INSERT INTO `product` (`id`, `release_date`, `developer_id`, `cost`) VALUES ('138', '1995-11-30 19:57:01', '18', '26182');
INSERT INTO `product` (`id`, `release_date`, `developer_id`, `cost`) VALUES ('139', '1999-06-23 06:35:56', '19', '224522794');
INSERT INTO `product` (`id`, `release_date`, `developer_id`, `cost`) VALUES ('140', '1974-01-16 00:09:05', '20', '29');
INSERT INTO `product` (`id`, `release_date`, `developer_id`, `cost`) VALUES ('141', '2012-04-03 17:29:53', '21', '58');
INSERT INTO `product` (`id`, `release_date`, `developer_id`, `cost`) VALUES ('142', '2014-07-01 22:54:14', '22', '139');
INSERT INTO `product` (`id`, `release_date`, `developer_id`, `cost`) VALUES ('143', '1993-09-26 12:35:07', '23', '139113099');
INSERT INTO `product` (`id`, `release_date`, `developer_id`, `cost`) VALUES ('144', '2016-04-16 19:16:00', '24', '0');
INSERT INTO `product` (`id`, `release_date`, `developer_id`, `cost`) VALUES ('145', '1999-05-28 15:21:41', '25', '6142');
INSERT INTO `product` (`id`, `release_date`, `developer_id`, `cost`) VALUES ('146', '1989-07-12 00:39:27', '26', '82');
INSERT INTO `product` (`id`, `release_date`, `developer_id`, `cost`) VALUES ('147', '1997-06-16 09:32:47', '27', '65887580');
INSERT INTO `product` (`id`, `release_date`, `developer_id`, `cost`) VALUES ('148', '1978-05-21 12:29:05', '28', '7875810');
INSERT INTO `product` (`id`, `release_date`, `developer_id`, `cost`) VALUES ('149', '1994-03-27 07:51:36', '29', '2348619');
INSERT INTO `product` (`id`, `release_date`, `developer_id`, `cost`) VALUES ('150', '1972-10-24 10:33:20', '30', '31');
INSERT INTO `product` (`id`, `release_date`, `developer_id`, `cost`) VALUES ('151', '1997-01-04 22:45:44', '1', '1824062');
INSERT INTO `product` (`id`, `release_date`, `developer_id`, `cost`) VALUES ('152', '1991-07-11 18:19:14', '2', '37');
INSERT INTO `product` (`id`, `release_date`, `developer_id`, `cost`) VALUES ('153', '1981-01-31 16:38:31', '3', '53');
INSERT INTO `product` (`id`, `release_date`, `developer_id`, `cost`) VALUES ('154', '2018-09-18 06:04:00', '4', '425');
INSERT INTO `product` (`id`, `release_date`, `developer_id`, `cost`) VALUES ('155', '2012-08-05 17:11:48', '5', '2548');
INSERT INTO `product` (`id`, `release_date`, `developer_id`, `cost`) VALUES ('156', '2020-02-06 14:36:13', '6', '97242832');
INSERT INTO `product` (`id`, `release_date`, `developer_id`, `cost`) VALUES ('157', '2018-08-16 23:05:49', '7', '143515');
INSERT INTO `product` (`id`, `release_date`, `developer_id`, `cost`) VALUES ('158', '2010-09-08 12:11:07', '8', '188250');
INSERT INTO `product` (`id`, `release_date`, `developer_id`, `cost`) VALUES ('159', '2012-04-30 21:40:54', '9', '29');
INSERT INTO `product` (`id`, `release_date`, `developer_id`, `cost`) VALUES ('160', '1995-09-15 02:48:51', '10', '31050951');
INSERT INTO `product` (`id`, `release_date`, `developer_id`, `cost`) VALUES ('161', '2011-02-09 13:17:02', '11', '2051758');
INSERT INTO `product` (`id`, `release_date`, `developer_id`, `cost`) VALUES ('162', '2005-10-09 02:58:16', '12', '1');
INSERT INTO `product` (`id`, `release_date`, `developer_id`, `cost`) VALUES ('163', '2005-06-15 00:43:43', '13', '2856656');
INSERT INTO `product` (`id`, `release_date`, `developer_id`, `cost`) VALUES ('164', '1998-03-03 21:33:14', '14', '92687');
INSERT INTO `product` (`id`, `release_date`, `developer_id`, `cost`) VALUES ('165', '1976-03-11 15:30:07', '15', '3');
INSERT INTO `product` (`id`, `release_date`, `developer_id`, `cost`) VALUES ('166', '2002-02-13 14:29:10', '16', '2529');
INSERT INTO `product` (`id`, `release_date`, `developer_id`, `cost`) VALUES ('167', '2005-05-29 09:24:28', '17', '73650');
INSERT INTO `product` (`id`, `release_date`, `developer_id`, `cost`) VALUES ('168', '1980-06-29 03:32:19', '18', '0');
INSERT INTO `product` (`id`, `release_date`, `developer_id`, `cost`) VALUES ('169', '2004-10-25 05:44:51', '19', '62250');
INSERT INTO `product` (`id`, `release_date`, `developer_id`, `cost`) VALUES ('170', '1975-05-27 21:06:42', '20', '2');
INSERT INTO `product` (`id`, `release_date`, `developer_id`, `cost`) VALUES ('171', '1997-09-04 05:02:12', '21', '22');
INSERT INTO `product` (`id`, `release_date`, `developer_id`, `cost`) VALUES ('172', '1984-02-20 23:14:40', '22', '6');
INSERT INTO `product` (`id`, `release_date`, `developer_id`, `cost`) VALUES ('173', '1983-12-07 03:45:40', '23', '80409932');
INSERT INTO `product` (`id`, `release_date`, `developer_id`, `cost`) VALUES ('174', '1986-10-03 11:12:22', '24', '0');
INSERT INTO `product` (`id`, `release_date`, `developer_id`, `cost`) VALUES ('175', '1990-06-19 23:24:37', '25', '1');
INSERT INTO `product` (`id`, `release_date`, `developer_id`, `cost`) VALUES ('176', '2011-05-03 21:53:15', '26', '5645857');
INSERT INTO `product` (`id`, `release_date`, `developer_id`, `cost`) VALUES ('177', '2003-03-28 13:40:25', '27', '0');
INSERT INTO `product` (`id`, `release_date`, `developer_id`, `cost`) VALUES ('178', '1977-09-15 13:32:46', '28', '488585');
INSERT INTO `product` (`id`, `release_date`, `developer_id`, `cost`) VALUES ('179', '1992-02-12 22:10:23', '29', '7142585');
INSERT INTO `product` (`id`, `release_date`, `developer_id`, `cost`) VALUES ('180', '1992-01-03 12:40:01', '30', '1386');
INSERT INTO `product` (`id`, `release_date`, `developer_id`, `cost`) VALUES ('181', '1979-12-27 19:16:49', '1', '84421');
INSERT INTO `product` (`id`, `release_date`, `developer_id`, `cost`) VALUES ('182', '1993-12-23 14:19:00', '2', '4286601');
INSERT INTO `product` (`id`, `release_date`, `developer_id`, `cost`) VALUES ('183', '1989-02-04 08:11:22', '3', '12');
INSERT INTO `product` (`id`, `release_date`, `developer_id`, `cost`) VALUES ('184', '1971-05-17 16:02:58', '4', '1917925');
INSERT INTO `product` (`id`, `release_date`, `developer_id`, `cost`) VALUES ('185', '2015-05-26 10:44:38', '5', '0');
INSERT INTO `product` (`id`, `release_date`, `developer_id`, `cost`) VALUES ('186', '2014-08-13 12:35:24', '6', '5');
INSERT INTO `product` (`id`, `release_date`, `developer_id`, `cost`) VALUES ('187', '2000-07-04 22:29:13', '7', '4116021');
INSERT INTO `product` (`id`, `release_date`, `developer_id`, `cost`) VALUES ('188', '1988-01-22 10:30:17', '8', '1');
INSERT INTO `product` (`id`, `release_date`, `developer_id`, `cost`) VALUES ('189', '1971-05-01 11:15:50', '9', '1');
INSERT INTO `product` (`id`, `release_date`, `developer_id`, `cost`) VALUES ('190', '1979-08-12 21:48:00', '10', '17953');
INSERT INTO `product` (`id`, `release_date`, `developer_id`, `cost`) VALUES ('191', '1973-06-16 21:31:05', '11', '4291847');
INSERT INTO `product` (`id`, `release_date`, `developer_id`, `cost`) VALUES ('192', '1985-02-21 14:18:26', '12', '0');
INSERT INTO `product` (`id`, `release_date`, `developer_id`, `cost`) VALUES ('193', '2003-11-21 04:37:27', '13', '62');
INSERT INTO `product` (`id`, `release_date`, `developer_id`, `cost`) VALUES ('194', '2011-10-26 13:11:49', '14', '654');
INSERT INTO `product` (`id`, `release_date`, `developer_id`, `cost`) VALUES ('195', '2001-08-24 18:04:51', '15', '12465673');
INSERT INTO `product` (`id`, `release_date`, `developer_id`, `cost`) VALUES ('196', '1978-10-20 04:17:54', '16', '0');
INSERT INTO `product` (`id`, `release_date`, `developer_id`, `cost`) VALUES ('197', '2016-05-24 05:21:12', '17', '2490');
INSERT INTO `product` (`id`, `release_date`, `developer_id`, `cost`) VALUES ('198', '1975-06-15 23:00:29', '18', '4163');
INSERT INTO `product` (`id`, `release_date`, `developer_id`, `cost`) VALUES ('199', '2000-04-29 15:57:10', '19', '4');
INSERT INTO `product` (`id`, `release_date`, `developer_id`, `cost`) VALUES ('200', '1980-06-29 05:35:53', '20', '133539979');


INSERT INTO `atheneum` (`user_id`, `product_id`, `date_added`, `launch_date`) VALUES ('1', '1', '1976-07-08 10:50:41', '2013-12-16 00:42:07');
INSERT INTO `atheneum` (`user_id`, `product_id`, `date_added`, `launch_date`) VALUES ('2', '2', '1985-04-11 16:18:33', '2012-01-15 04:24:39');
INSERT INTO `atheneum` (`user_id`, `product_id`, `date_added`, `launch_date`) VALUES ('3', '3', '2020-02-11 12:20:58', '1986-09-06 00:50:28');
INSERT INTO `atheneum` (`user_id`, `product_id`, `date_added`, `launch_date`) VALUES ('4', '4', '1970-07-26 02:57:13', '1988-06-12 23:37:12');
INSERT INTO `atheneum` (`user_id`, `product_id`, `date_added`, `launch_date`) VALUES ('5', '5', '1991-04-22 06:30:02', '2019-02-03 12:01:15');
INSERT INTO `atheneum` (`user_id`, `product_id`, `date_added`, `launch_date`) VALUES ('6', '6', '2001-09-10 03:48:25', '1977-06-19 10:28:20');
INSERT INTO `atheneum` (`user_id`, `product_id`, `date_added`, `launch_date`) VALUES ('7', '7', '1999-01-11 05:41:45', '1976-01-30 05:54:47');
INSERT INTO `atheneum` (`user_id`, `product_id`, `date_added`, `launch_date`) VALUES ('8', '8', '2010-03-31 14:37:44', '2007-07-02 14:17:16');
INSERT INTO `atheneum` (`user_id`, `product_id`, `date_added`, `launch_date`) VALUES ('9', '9', '1998-01-31 18:33:52', '1992-03-07 01:36:12');
INSERT INTO `atheneum` (`user_id`, `product_id`, `date_added`, `launch_date`) VALUES ('10', '10', '1991-08-22 03:06:27', '1976-08-15 23:48:22');
INSERT INTO `atheneum` (`user_id`, `product_id`, `date_added`, `launch_date`) VALUES ('11', '11', '2016-02-23 07:45:11', '1993-05-01 16:52:01');
INSERT INTO `atheneum` (`user_id`, `product_id`, `date_added`, `launch_date`) VALUES ('12', '12', '1995-01-31 06:28:09', '2008-10-25 20:01:30');
INSERT INTO `atheneum` (`user_id`, `product_id`, `date_added`, `launch_date`) VALUES ('13', '13', '1995-05-23 02:16:12', '1978-03-29 00:20:04');
INSERT INTO `atheneum` (`user_id`, `product_id`, `date_added`, `launch_date`) VALUES ('14', '14', '1998-03-06 09:15:35', '1989-02-28 15:23:43');
INSERT INTO `atheneum` (`user_id`, `product_id`, `date_added`, `launch_date`) VALUES ('15', '15', '1987-06-22 01:06:14', '2006-09-06 10:28:20');
INSERT INTO `atheneum` (`user_id`, `product_id`, `date_added`, `launch_date`) VALUES ('16', '16', '2018-01-09 09:10:09', '1977-11-18 09:02:29');
INSERT INTO `atheneum` (`user_id`, `product_id`, `date_added`, `launch_date`) VALUES ('17', '17', '1994-02-14 23:57:02', '1981-01-03 23:40:18');
INSERT INTO `atheneum` (`user_id`, `product_id`, `date_added`, `launch_date`) VALUES ('18', '18', '1972-02-07 06:51:47', '1973-06-12 06:52:05');
INSERT INTO `atheneum` (`user_id`, `product_id`, `date_added`, `launch_date`) VALUES ('19', '19', '1972-12-11 13:01:07', '1995-12-18 17:44:28');
INSERT INTO `atheneum` (`user_id`, `product_id`, `date_added`, `launch_date`) VALUES ('20', '20', '2000-08-14 21:43:48', '1985-09-12 14:47:48');
INSERT INTO `atheneum` (`user_id`, `product_id`, `date_added`, `launch_date`) VALUES ('21', '21', '2020-02-05 19:07:28', '1990-05-17 13:46:38');
INSERT INTO `atheneum` (`user_id`, `product_id`, `date_added`, `launch_date`) VALUES ('22', '22', '2011-10-24 12:30:21', '1988-09-12 19:25:28');
INSERT INTO `atheneum` (`user_id`, `product_id`, `date_added`, `launch_date`) VALUES ('23', '23', '2015-04-14 22:22:14', '1977-05-25 04:19:21');
INSERT INTO `atheneum` (`user_id`, `product_id`, `date_added`, `launch_date`) VALUES ('24', '24', '1984-11-24 10:01:43', '1998-05-20 04:00:12');
INSERT INTO `atheneum` (`user_id`, `product_id`, `date_added`, `launch_date`) VALUES ('25', '25', '2009-01-08 23:36:04', '1984-01-14 00:11:06');
INSERT INTO `atheneum` (`user_id`, `product_id`, `date_added`, `launch_date`) VALUES ('26', '26', '1974-10-20 06:40:28', '2007-07-18 14:17:15');
INSERT INTO `atheneum` (`user_id`, `product_id`, `date_added`, `launch_date`) VALUES ('27', '27', '1978-11-27 07:36:46', '2011-03-18 23:44:05');
INSERT INTO `atheneum` (`user_id`, `product_id`, `date_added`, `launch_date`) VALUES ('28', '28', '2008-10-22 18:01:45', '2011-03-02 06:22:07');
INSERT INTO `atheneum` (`user_id`, `product_id`, `date_added`, `launch_date`) VALUES ('29', '29', '1995-06-19 05:24:36', '2014-01-16 20:42:03');
INSERT INTO `atheneum` (`user_id`, `product_id`, `date_added`, `launch_date`) VALUES ('30', '30', '1981-06-06 16:51:30', '1993-08-12 16:18:24');
INSERT INTO `atheneum` (`user_id`, `product_id`, `date_added`, `launch_date`) VALUES ('31', '31', '2004-08-12 07:54:27', '1985-04-10 15:23:50');
INSERT INTO `atheneum` (`user_id`, `product_id`, `date_added`, `launch_date`) VALUES ('32', '32', '1975-01-17 07:24:26', '1996-04-25 12:42:37');
INSERT INTO `atheneum` (`user_id`, `product_id`, `date_added`, `launch_date`) VALUES ('33', '33', '2002-10-06 23:36:43', '1972-12-27 09:24:27');
INSERT INTO `atheneum` (`user_id`, `product_id`, `date_added`, `launch_date`) VALUES ('34', '34', '2020-03-29 19:55:14', '1983-06-09 22:54:58');
INSERT INTO `atheneum` (`user_id`, `product_id`, `date_added`, `launch_date`) VALUES ('35', '35', '1994-06-16 00:10:35', '1992-02-20 01:52:19');
INSERT INTO `atheneum` (`user_id`, `product_id`, `date_added`, `launch_date`) VALUES ('36', '36', '1982-10-17 04:10:54', '1971-07-10 14:49:31');
INSERT INTO `atheneum` (`user_id`, `product_id`, `date_added`, `launch_date`) VALUES ('37', '37', '1997-02-17 03:15:49', '2000-12-20 22:43:46');
INSERT INTO `atheneum` (`user_id`, `product_id`, `date_added`, `launch_date`) VALUES ('38', '38', '1971-01-05 06:07:34', '1972-02-15 07:24:01');
INSERT INTO `atheneum` (`user_id`, `product_id`, `date_added`, `launch_date`) VALUES ('39', '39', '1989-06-23 10:53:47', '1991-10-01 08:03:11');
INSERT INTO `atheneum` (`user_id`, `product_id`, `date_added`, `launch_date`) VALUES ('40', '40', '1988-12-15 19:44:38', '2006-08-01 22:56:00');
INSERT INTO `atheneum` (`user_id`, `product_id`, `date_added`, `launch_date`) VALUES ('41', '41', '1984-06-13 08:54:11', '2020-04-14 20:13:03');
INSERT INTO `atheneum` (`user_id`, `product_id`, `date_added`, `launch_date`) VALUES ('42', '42', '2010-11-20 03:01:24', '2001-09-27 08:41:07');
INSERT INTO `atheneum` (`user_id`, `product_id`, `date_added`, `launch_date`) VALUES ('43', '43', '1985-08-23 19:39:30', '1981-02-03 04:28:04');
INSERT INTO `atheneum` (`user_id`, `product_id`, `date_added`, `launch_date`) VALUES ('44', '44', '2012-09-29 20:05:20', '1979-07-26 03:25:25');
INSERT INTO `atheneum` (`user_id`, `product_id`, `date_added`, `launch_date`) VALUES ('45', '45', '1988-09-17 04:44:12', '1975-09-21 18:01:37');
INSERT INTO `atheneum` (`user_id`, `product_id`, `date_added`, `launch_date`) VALUES ('46', '46', '1984-10-29 08:00:53', '1977-07-23 19:11:22');
INSERT INTO `atheneum` (`user_id`, `product_id`, `date_added`, `launch_date`) VALUES ('47', '47', '1973-05-02 00:08:14', '1986-10-17 17:37:44');
INSERT INTO `atheneum` (`user_id`, `product_id`, `date_added`, `launch_date`) VALUES ('48', '48', '1976-04-11 07:09:08', '1994-06-01 23:40:57');
INSERT INTO `atheneum` (`user_id`, `product_id`, `date_added`, `launch_date`) VALUES ('49', '49', '1992-06-09 12:35:59', '1982-11-03 16:53:36');
INSERT INTO `atheneum` (`user_id`, `product_id`, `date_added`, `launch_date`) VALUES ('50', '50', '2018-10-29 17:53:35', '1993-07-13 01:45:05');
INSERT INTO `atheneum` (`user_id`, `product_id`, `date_added`, `launch_date`) VALUES ('51', '51', '2005-03-23 20:05:11', '2012-03-18 00:20:31');
INSERT INTO `atheneum` (`user_id`, `product_id`, `date_added`, `launch_date`) VALUES ('52', '52', '1997-12-23 00:41:30', '1988-01-30 22:55:20');
INSERT INTO `atheneum` (`user_id`, `product_id`, `date_added`, `launch_date`) VALUES ('53', '53', '2011-09-12 10:42:29', '1970-10-26 22:20:53');
INSERT INTO `atheneum` (`user_id`, `product_id`, `date_added`, `launch_date`) VALUES ('54', '54', '1983-02-10 16:15:35', '1978-01-19 18:33:09');
INSERT INTO `atheneum` (`user_id`, `product_id`, `date_added`, `launch_date`) VALUES ('55', '55', '2012-08-06 16:20:13', '2017-09-13 10:20:13');
INSERT INTO `atheneum` (`user_id`, `product_id`, `date_added`, `launch_date`) VALUES ('56', '56', '1996-07-25 11:32:51', '1983-06-01 20:42:10');
INSERT INTO `atheneum` (`user_id`, `product_id`, `date_added`, `launch_date`) VALUES ('57', '57', '1985-11-15 00:49:25', '1982-05-31 13:19:39');
INSERT INTO `atheneum` (`user_id`, `product_id`, `date_added`, `launch_date`) VALUES ('58', '58', '1972-02-21 11:44:41', '2008-06-07 04:40:44');
INSERT INTO `atheneum` (`user_id`, `product_id`, `date_added`, `launch_date`) VALUES ('59', '59', '1988-01-08 20:53:13', '1992-04-12 03:43:51');
INSERT INTO `atheneum` (`user_id`, `product_id`, `date_added`, `launch_date`) VALUES ('60', '60', '2011-10-03 05:27:31', '1974-01-13 19:19:49');
INSERT INTO `atheneum` (`user_id`, `product_id`, `date_added`, `launch_date`) VALUES ('61', '61', '2019-04-24 14:15:05', '2009-06-28 09:07:31');
INSERT INTO `atheneum` (`user_id`, `product_id`, `date_added`, `launch_date`) VALUES ('62', '62', '1971-11-11 13:48:39', '2002-04-27 07:36:09');
INSERT INTO `atheneum` (`user_id`, `product_id`, `date_added`, `launch_date`) VALUES ('63', '63', '1994-08-14 04:03:32', '2011-05-21 00:37:15');
INSERT INTO `atheneum` (`user_id`, `product_id`, `date_added`, `launch_date`) VALUES ('64', '64', '2001-12-12 07:21:42', '1987-05-15 08:26:45');
INSERT INTO `atheneum` (`user_id`, `product_id`, `date_added`, `launch_date`) VALUES ('65', '65', '1972-07-10 14:23:56', '1997-04-02 03:18:21');
INSERT INTO `atheneum` (`user_id`, `product_id`, `date_added`, `launch_date`) VALUES ('66', '66', '1974-08-09 22:06:04', '1998-09-21 01:26:33');
INSERT INTO `atheneum` (`user_id`, `product_id`, `date_added`, `launch_date`) VALUES ('67', '67', '1983-11-02 11:40:38', '2020-04-04 00:31:33');
INSERT INTO `atheneum` (`user_id`, `product_id`, `date_added`, `launch_date`) VALUES ('68', '68', '2002-06-21 14:32:41', '2007-10-18 09:36:27');
INSERT INTO `atheneum` (`user_id`, `product_id`, `date_added`, `launch_date`) VALUES ('69', '69', '2009-11-26 21:14:52', '1979-11-14 21:25:07');
INSERT INTO `atheneum` (`user_id`, `product_id`, `date_added`, `launch_date`) VALUES ('70', '70', '1980-04-05 10:24:53', '1999-06-16 04:08:39');
INSERT INTO `atheneum` (`user_id`, `product_id`, `date_added`, `launch_date`) VALUES ('71', '71', '1973-05-07 08:11:19', '1985-04-16 01:49:21');
INSERT INTO `atheneum` (`user_id`, `product_id`, `date_added`, `launch_date`) VALUES ('72', '72', '2007-05-19 15:31:19', '2003-06-09 23:52:49');
INSERT INTO `atheneum` (`user_id`, `product_id`, `date_added`, `launch_date`) VALUES ('73', '73', '1983-10-30 18:19:17', '1973-08-01 06:17:45');
INSERT INTO `atheneum` (`user_id`, `product_id`, `date_added`, `launch_date`) VALUES ('74', '74', '2010-05-01 12:35:03', '2015-04-12 21:12:26');
INSERT INTO `atheneum` (`user_id`, `product_id`, `date_added`, `launch_date`) VALUES ('75', '75', '1979-10-12 00:55:51', '2012-04-03 13:09:28');
INSERT INTO `atheneum` (`user_id`, `product_id`, `date_added`, `launch_date`) VALUES ('76', '76', '2000-09-04 18:51:37', '2003-03-03 01:49:37');
INSERT INTO `atheneum` (`user_id`, `product_id`, `date_added`, `launch_date`) VALUES ('77', '77', '2005-06-08 08:54:44', '1982-10-02 20:00:09');
INSERT INTO `atheneum` (`user_id`, `product_id`, `date_added`, `launch_date`) VALUES ('78', '78', '2017-07-18 02:29:44', '2013-09-27 01:48:19');
INSERT INTO `atheneum` (`user_id`, `product_id`, `date_added`, `launch_date`) VALUES ('79', '79', '2018-03-25 13:15:40', '2005-03-20 11:29:01');
INSERT INTO `atheneum` (`user_id`, `product_id`, `date_added`, `launch_date`) VALUES ('80', '80', '2000-03-04 21:30:53', '2008-06-17 10:51:03');
INSERT INTO `atheneum` (`user_id`, `product_id`, `date_added`, `launch_date`) VALUES ('81', '81', '2013-01-19 20:39:31', '1977-03-18 06:34:22');
INSERT INTO `atheneum` (`user_id`, `product_id`, `date_added`, `launch_date`) VALUES ('82', '82', '1985-03-10 14:33:19', '2016-08-31 13:11:30');
INSERT INTO `atheneum` (`user_id`, `product_id`, `date_added`, `launch_date`) VALUES ('83', '83', '2009-02-18 13:27:19', '1978-05-14 21:52:13');
INSERT INTO `atheneum` (`user_id`, `product_id`, `date_added`, `launch_date`) VALUES ('84', '84', '2007-11-21 17:33:50', '1977-10-03 21:28:10');
INSERT INTO `atheneum` (`user_id`, `product_id`, `date_added`, `launch_date`) VALUES ('85', '85', '1973-02-28 21:33:21', '2003-11-26 04:37:29');
INSERT INTO `atheneum` (`user_id`, `product_id`, `date_added`, `launch_date`) VALUES ('86', '86', '2012-05-14 16:54:19', '1976-01-19 05:29:56');
INSERT INTO `atheneum` (`user_id`, `product_id`, `date_added`, `launch_date`) VALUES ('87', '87', '1994-05-04 12:11:01', '1971-10-21 07:11:40');
INSERT INTO `atheneum` (`user_id`, `product_id`, `date_added`, `launch_date`) VALUES ('88', '88', '1979-03-01 04:44:29', '1987-12-04 02:34:53');
INSERT INTO `atheneum` (`user_id`, `product_id`, `date_added`, `launch_date`) VALUES ('89', '89', '1979-11-11 01:50:35', '2011-01-30 09:24:45');
INSERT INTO `atheneum` (`user_id`, `product_id`, `date_added`, `launch_date`) VALUES ('90', '90', '2006-06-25 02:42:31', '1993-04-27 06:10:58');
INSERT INTO `atheneum` (`user_id`, `product_id`, `date_added`, `launch_date`) VALUES ('91', '91', '1996-08-04 02:30:56', '1994-04-15 19:28:35');
INSERT INTO `atheneum` (`user_id`, `product_id`, `date_added`, `launch_date`) VALUES ('92', '92', '2020-02-03 19:08:45', '1987-05-18 07:32:58');
INSERT INTO `atheneum` (`user_id`, `product_id`, `date_added`, `launch_date`) VALUES ('93', '93', '2004-12-30 23:11:06', '1981-12-19 16:05:41');
INSERT INTO `atheneum` (`user_id`, `product_id`, `date_added`, `launch_date`) VALUES ('94', '94', '2019-04-10 08:18:56', '1981-02-18 15:12:45');
INSERT INTO `atheneum` (`user_id`, `product_id`, `date_added`, `launch_date`) VALUES ('95', '95', '1983-05-07 22:55:07', '1996-11-07 13:16:09');
INSERT INTO `atheneum` (`user_id`, `product_id`, `date_added`, `launch_date`) VALUES ('96', '96', '1980-02-24 20:05:46', '2004-01-12 09:20:02');
INSERT INTO `atheneum` (`user_id`, `product_id`, `date_added`, `launch_date`) VALUES ('97', '97', '2020-10-29 05:47:15', '1988-05-03 11:40:15');
INSERT INTO `atheneum` (`user_id`, `product_id`, `date_added`, `launch_date`) VALUES ('98', '98', '1984-10-10 17:05:28', '1994-01-31 18:33:52');
INSERT INTO `atheneum` (`user_id`, `product_id`, `date_added`, `launch_date`) VALUES ('99', '99', '2010-11-09 22:04:28', '1999-07-06 20:54:55');
INSERT INTO `atheneum` (`user_id`, `product_id`, `date_added`, `launch_date`) VALUES ('100', '100', '2005-02-07 06:00:27', '2016-01-13 12:31:01');


INSERT INTO `communities` (`id`, `name`, `abbreviation`, `description`, `admin_id`, `created_at`) VALUES ('1', 'ad', NULL, 'Odio sunt voluptatem ad nesciunt voluptatem quos et. Ut sunt enim sed. Dolore vitae culpa alias consequuntur. Earum eligendi nisi et sint.', '1', '2009-09-09 02:49:28');
INSERT INTO `communities` (`id`, `name`, `abbreviation`, `description`, `admin_id`, `created_at`) VALUES ('2', 'non', NULL, 'Soluta ipsum vel repudiandae neque ut sed unde. Consequatur a itaque occaecati qui porro illo aut facere. Qui minima perferendis iste laudantium.', '2', '1986-06-09 07:12:20');
INSERT INTO `communities` (`id`, `name`, `abbreviation`, `description`, `admin_id`, `created_at`) VALUES ('3', 'nam', NULL, 'Vitae ut provident adipisci molestiae consequuntur corporis. Enim quibusdam qui quam rerum. Velit nemo totam magni dolore.', '3', '2003-11-28 01:51:38');
INSERT INTO `communities` (`id`, `name`, `abbreviation`, `description`, `admin_id`, `created_at`) VALUES ('4', 'architecto', NULL, 'Autem aperiam beatae omnis commodi natus qui. Molestias ut laboriosam nihil sunt. Incidunt neque quo ex ipsa.', '4', '2008-08-19 22:39:41');
INSERT INTO `communities` (`id`, `name`, `abbreviation`, `description`, `admin_id`, `created_at`) VALUES ('5', 'natus', NULL, 'Quisquam corrupti impedit est aut eos aut. Quis necessitatibus ut praesentium ut ullam ut ratione praesentium. Omnis est sit vitae corporis maiores consectetur. Sunt sed deleniti atque sed exercitationem fugit voluptate.', '5', '1984-09-01 19:46:45');
INSERT INTO `communities` (`id`, `name`, `abbreviation`, `description`, `admin_id`, `created_at`) VALUES ('6', 'quidem', NULL, 'Molestias autem quisquam aut vitae soluta sint aut. Odit illo laboriosam animi ipsum. Magni dolorum consequuntur est nemo et deserunt esse ea. Ut eligendi et sed facilis.', '6', '2001-01-29 02:34:05');
INSERT INTO `communities` (`id`, `name`, `abbreviation`, `description`, `admin_id`, `created_at`) VALUES ('7', 'dolorem', NULL, 'Labore et unde neque et distinctio id nisi. Consequatur et quia dolore ut accusantium eos provident. Possimus voluptas voluptates dolorem laudantium voluptas.', '7', '2008-03-18 13:08:04');
INSERT INTO `communities` (`id`, `name`, `abbreviation`, `description`, `admin_id`, `created_at`) VALUES ('8', 'asperiores', NULL, 'Ab itaque exercitationem laudantium et inventore nostrum. Ipsam esse repellat eum eum consequatur harum. Dicta corporis voluptatem dolores ratione consequatur.', '8', '1979-06-15 12:59:56');
INSERT INTO `communities` (`id`, `name`, `abbreviation`, `description`, `admin_id`, `created_at`) VALUES ('9', 'doloremque', NULL, 'Id illo qui et quia. Exercitationem vitae quod labore non. Quia animi consequatur et nihil dicta tenetur qui.', '9', '2002-07-06 07:46:08');
INSERT INTO `communities` (`id`, `name`, `abbreviation`, `description`, `admin_id`, `created_at`) VALUES ('10', 'modi', NULL, 'Voluptatem officiis ducimus facilis dignissimos et sint. Vero mollitia consequatur reiciendis tenetur fuga. Adipisci sunt quam eaque aut repellat cumque. Qui occaecati facere placeat qui ipsa voluptatem ut at.', '10', '2016-12-27 01:15:28');
INSERT INTO `communities` (`id`, `name`, `abbreviation`, `description`, `admin_id`, `created_at`) VALUES ('11', 'et', NULL, 'Sit vero modi non non consectetur harum sapiente. Sint vero in sint. Modi nobis earum beatae rerum possimus dolorem. Nobis molestiae delectus ipsum cumque temporibus ducimus.', '11', '1980-02-13 03:29:55');
INSERT INTO `communities` (`id`, `name`, `abbreviation`, `description`, `admin_id`, `created_at`) VALUES ('12', 'odio', NULL, 'Voluptas rerum aliquid et sit distinctio excepturi culpa. Animi molestiae velit cumque sed est amet.', '12', '1971-03-08 17:01:10');
INSERT INTO `communities` (`id`, `name`, `abbreviation`, `description`, `admin_id`, `created_at`) VALUES ('13', 'saepe', NULL, 'Culpa excepturi magnam ratione consectetur. Dolorem dolorum error cumque explicabo.', '13', '1992-01-27 13:31:48');
INSERT INTO `communities` (`id`, `name`, `abbreviation`, `description`, `admin_id`, `created_at`) VALUES ('14', 'ullam', NULL, 'Nam sunt impedit mollitia veritatis facilis sit. Repudiandae assumenda doloremque blanditiis delectus voluptatibus odit. Omnis natus quisquam asperiores ratione error. Necessitatibus veniam sunt minima et.', '14', '1989-02-16 00:54:53');
INSERT INTO `communities` (`id`, `name`, `abbreviation`, `description`, `admin_id`, `created_at`) VALUES ('15', 'enim', NULL, 'Eum delectus dolores ab dolorem dolorem ut. Cum soluta itaque perspiciatis non et tempora. Reprehenderit expedita voluptas distinctio molestiae vel qui. Et velit odit hic. Veritatis nam numquam quis sed.', '15', '1984-10-27 20:18:14');
INSERT INTO `communities` (`id`, `name`, `abbreviation`, `description`, `admin_id`, `created_at`) VALUES ('16', 'dolores', NULL, 'Dolores ea explicabo labore amet consequatur ducimus. Illum ea natus cum ut eligendi libero sint. Ab dicta dolores neque impedit nemo consequatur rem quos. Rerum nisi quis unde dolorem accusantium quis.', '16', '1997-04-11 04:36:32');
INSERT INTO `communities` (`id`, `name`, `abbreviation`, `description`, `admin_id`, `created_at`) VALUES ('17', 'doloribus', NULL, 'Nobis ea reiciendis ab ut et ut. Eveniet nam est qui id cum hic dolores sapiente. Nihil sint maiores aliquid recusandae repudiandae. Aut est consequatur iusto odio omnis voluptatem voluptatem.', '17', '2016-08-21 12:53:16');
INSERT INTO `communities` (`id`, `name`, `abbreviation`, `description`, `admin_id`, `created_at`) VALUES ('18', 'modi', NULL, 'Sunt est numquam maiores consequatur laboriosam cum. Sint et quia possimus sint corrupti velit labore illo. Qui vitae perspiciatis optio accusamus sit. Ut asperiores sapiente debitis libero aut cum est.', '18', '1999-07-28 13:37:33');
INSERT INTO `communities` (`id`, `name`, `abbreviation`, `description`, `admin_id`, `created_at`) VALUES ('19', 'est', NULL, 'Est ex quam ut culpa exercitationem expedita tenetur sint. Ut culpa delectus quas. Expedita dolorum doloremque laudantium voluptas soluta eveniet dicta animi. Quam delectus et recusandae laudantium autem.', '19', '2018-07-06 12:03:51');
INSERT INTO `communities` (`id`, `name`, `abbreviation`, `description`, `admin_id`, `created_at`) VALUES ('20', 'laborum', NULL, 'Velit veniam dolores aspernatur labore minima quis ipsa. Sed voluptatibus aperiam vitae accusamus et assumenda est. Temporibus omnis asperiores aspernatur iusto.', '20', '2016-05-07 10:48:29');
INSERT INTO `communities` (`id`, `name`, `abbreviation`, `description`, `admin_id`, `created_at`) VALUES ('21', 'exercitationem', NULL, 'Dolorem est iusto tenetur cum soluta expedita. Dolores suscipit porro eum vel consectetur et omnis odio. Nihil non amet aut sunt repudiandae dignissimos. Quibusdam eum nesciunt dolor ex est sit maiores.', '21', '1987-04-15 10:55:57');
INSERT INTO `communities` (`id`, `name`, `abbreviation`, `description`, `admin_id`, `created_at`) VALUES ('22', 'maiores', NULL, 'Quas ut minus deleniti est velit. Et quam dolorem dolores molestiae est repellendus est. Ipsam et nam iusto. Ut modi iusto eos vitae.', '22', '1995-07-04 07:07:25');
INSERT INTO `communities` (`id`, `name`, `abbreviation`, `description`, `admin_id`, `created_at`) VALUES ('23', 'iusto', NULL, 'Ex perferendis officiis porro et dolores. Error necessitatibus placeat iusto. Sunt a officia dolores ut.', '23', '2007-08-28 13:11:01');
INSERT INTO `communities` (`id`, `name`, `abbreviation`, `description`, `admin_id`, `created_at`) VALUES ('24', 'consequatur', NULL, 'Quaerat et asperiores non expedita. Et ratione eos sit est libero alias quidem.', '24', '1996-11-13 03:04:32');
INSERT INTO `communities` (`id`, `name`, `abbreviation`, `description`, `admin_id`, `created_at`) VALUES ('25', 'repellendus', NULL, 'Nesciunt distinctio laudantium laudantium unde delectus rerum. Voluptates deserunt aliquid rerum enim natus vero. Rerum voluptates sit voluptatibus ut quaerat.', '25', '2007-08-18 22:14:07');
INSERT INTO `communities` (`id`, `name`, `abbreviation`, `description`, `admin_id`, `created_at`) VALUES ('26', 'aliquid', NULL, 'Nemo rem enim aut qui optio. Dolore illo eaque voluptates quis optio est nobis. Et voluptas omnis quidem molestiae qui. Optio est asperiores et voluptatem sed est nihil.', '26', '2004-02-14 04:14:48');
INSERT INTO `communities` (`id`, `name`, `abbreviation`, `description`, `admin_id`, `created_at`) VALUES ('27', 'magnam', NULL, 'Sunt sit qui rem. Ea placeat a eos voluptatem. Alias dicta iusto qui repellendus facilis cupiditate.', '27', '1977-02-09 18:24:51');
INSERT INTO `communities` (`id`, `name`, `abbreviation`, `description`, `admin_id`, `created_at`) VALUES ('28', 'libero', NULL, 'Aut dolorum omnis eos itaque rem voluptatem eius pariatur. Nesciunt aut et repellendus eum praesentium ut illum. Aut vel excepturi eos culpa aut dolore omnis iste.', '28', '1975-08-14 20:14:57');
INSERT INTO `communities` (`id`, `name`, `abbreviation`, `description`, `admin_id`, `created_at`) VALUES ('29', 'sint', NULL, 'Atque voluptatem voluptatem assumenda aut ex. Sequi accusantium placeat non consectetur. Voluptatem rem quia aperiam culpa expedita ad alias sint. Consequatur sunt alias explicabo. Consequuntur deleniti dolorem et necessitatibus.', '29', '2020-06-21 21:23:12');
INSERT INTO `communities` (`id`, `name`, `abbreviation`, `description`, `admin_id`, `created_at`) VALUES ('30', 'enim', NULL, 'Non ut quibusdam saepe voluptas dolorum quia. Aut ut nemo est. Beatae reiciendis alias facere totam.', '30', '1970-09-09 13:40:27');


INSERT INTO `communities_users` (`community_id`, `user_id`, `created_at`) VALUES ('1', '1', '2003-03-28 20:34:03');
INSERT INTO `communities_users` (`community_id`, `user_id`, `created_at`) VALUES ('1', '31', '2003-11-13 05:37:38');
INSERT INTO `communities_users` (`community_id`, `user_id`, `created_at`) VALUES ('1', '61', '1971-09-01 19:24:54');
INSERT INTO `communities_users` (`community_id`, `user_id`, `created_at`) VALUES ('1', '91', '1999-03-15 08:18:09');
INSERT INTO `communities_users` (`community_id`, `user_id`, `created_at`) VALUES ('2', '2', '1988-12-25 21:07:41');
INSERT INTO `communities_users` (`community_id`, `user_id`, `created_at`) VALUES ('2', '32', '2015-02-20 18:41:37');
INSERT INTO `communities_users` (`community_id`, `user_id`, `created_at`) VALUES ('2', '62', '1990-08-14 07:28:07');
INSERT INTO `communities_users` (`community_id`, `user_id`, `created_at`) VALUES ('2', '92', '1996-06-05 04:47:48');
INSERT INTO `communities_users` (`community_id`, `user_id`, `created_at`) VALUES ('3', '3', '1979-07-10 03:51:29');
INSERT INTO `communities_users` (`community_id`, `user_id`, `created_at`) VALUES ('3', '33', '1978-11-18 17:42:34');
INSERT INTO `communities_users` (`community_id`, `user_id`, `created_at`) VALUES ('3', '63', '2012-02-24 13:05:35');
INSERT INTO `communities_users` (`community_id`, `user_id`, `created_at`) VALUES ('3', '93', '1997-06-16 22:05:50');
INSERT INTO `communities_users` (`community_id`, `user_id`, `created_at`) VALUES ('4', '4', '1990-07-01 05:22:58');
INSERT INTO `communities_users` (`community_id`, `user_id`, `created_at`) VALUES ('4', '34', '1983-05-24 21:38:10');
INSERT INTO `communities_users` (`community_id`, `user_id`, `created_at`) VALUES ('4', '64', '2001-11-03 00:32:28');
INSERT INTO `communities_users` (`community_id`, `user_id`, `created_at`) VALUES ('4', '94', '1991-08-14 11:42:56');
INSERT INTO `communities_users` (`community_id`, `user_id`, `created_at`) VALUES ('5', '5', '1978-12-09 09:38:46');
INSERT INTO `communities_users` (`community_id`, `user_id`, `created_at`) VALUES ('5', '35', '1993-02-28 07:13:49');
INSERT INTO `communities_users` (`community_id`, `user_id`, `created_at`) VALUES ('5', '65', '1982-04-13 22:00:00');
INSERT INTO `communities_users` (`community_id`, `user_id`, `created_at`) VALUES ('5', '95', '1999-01-20 23:22:08');
INSERT INTO `communities_users` (`community_id`, `user_id`, `created_at`) VALUES ('6', '6', '2009-08-12 03:59:55');
INSERT INTO `communities_users` (`community_id`, `user_id`, `created_at`) VALUES ('6', '36', '1987-09-28 20:36:50');
INSERT INTO `communities_users` (`community_id`, `user_id`, `created_at`) VALUES ('6', '66', '1977-06-02 02:45:18');
INSERT INTO `communities_users` (`community_id`, `user_id`, `created_at`) VALUES ('6', '96', '1990-09-09 05:48:27');
INSERT INTO `communities_users` (`community_id`, `user_id`, `created_at`) VALUES ('7', '7', '1978-06-02 08:27:35');
INSERT INTO `communities_users` (`community_id`, `user_id`, `created_at`) VALUES ('7', '37', '1985-08-03 15:45:35');
INSERT INTO `communities_users` (`community_id`, `user_id`, `created_at`) VALUES ('7', '67', '2007-07-07 13:23:27');
INSERT INTO `communities_users` (`community_id`, `user_id`, `created_at`) VALUES ('7', '97', '2002-07-20 03:39:28');
INSERT INTO `communities_users` (`community_id`, `user_id`, `created_at`) VALUES ('8', '8', '2016-08-19 12:33:27');
INSERT INTO `communities_users` (`community_id`, `user_id`, `created_at`) VALUES ('8', '38', '1996-08-14 23:58:38');
INSERT INTO `communities_users` (`community_id`, `user_id`, `created_at`) VALUES ('8', '68', '2010-08-08 04:29:45');
INSERT INTO `communities_users` (`community_id`, `user_id`, `created_at`) VALUES ('8', '98', '1983-01-05 22:33:08');
INSERT INTO `communities_users` (`community_id`, `user_id`, `created_at`) VALUES ('9', '9', '2002-03-09 21:36:21');
INSERT INTO `communities_users` (`community_id`, `user_id`, `created_at`) VALUES ('9', '39', '1994-09-06 09:07:47');
INSERT INTO `communities_users` (`community_id`, `user_id`, `created_at`) VALUES ('9', '69', '1995-03-29 19:31:21');
INSERT INTO `communities_users` (`community_id`, `user_id`, `created_at`) VALUES ('9', '99', '2001-09-12 20:06:04');
INSERT INTO `communities_users` (`community_id`, `user_id`, `created_at`) VALUES ('10', '10', '2001-10-21 17:31:51');
INSERT INTO `communities_users` (`community_id`, `user_id`, `created_at`) VALUES ('10', '40', '1978-06-01 19:57:05');
INSERT INTO `communities_users` (`community_id`, `user_id`, `created_at`) VALUES ('10', '70', '1993-06-01 12:58:58');
INSERT INTO `communities_users` (`community_id`, `user_id`, `created_at`) VALUES ('10', '100', '1980-10-19 12:20:35');
INSERT INTO `communities_users` (`community_id`, `user_id`, `created_at`) VALUES ('11', '11', '2004-06-21 10:06:47');
INSERT INTO `communities_users` (`community_id`, `user_id`, `created_at`) VALUES ('11', '41', '2017-03-16 22:29:27');
INSERT INTO `communities_users` (`community_id`, `user_id`, `created_at`) VALUES ('11', '71', '1984-02-29 05:43:41');
INSERT INTO `communities_users` (`community_id`, `user_id`, `created_at`) VALUES ('12', '12', '2015-08-02 15:44:59');
INSERT INTO `communities_users` (`community_id`, `user_id`, `created_at`) VALUES ('12', '42', '1986-07-07 01:30:21');
INSERT INTO `communities_users` (`community_id`, `user_id`, `created_at`) VALUES ('12', '72', '1971-10-30 21:39:04');
INSERT INTO `communities_users` (`community_id`, `user_id`, `created_at`) VALUES ('13', '13', '2020-11-25 19:44:23');
INSERT INTO `communities_users` (`community_id`, `user_id`, `created_at`) VALUES ('13', '43', '1990-10-26 01:56:15');
INSERT INTO `communities_users` (`community_id`, `user_id`, `created_at`) VALUES ('13', '73', '1983-07-21 11:57:52');
INSERT INTO `communities_users` (`community_id`, `user_id`, `created_at`) VALUES ('14', '14', '2005-08-06 02:08:55');
INSERT INTO `communities_users` (`community_id`, `user_id`, `created_at`) VALUES ('14', '44', '1983-12-14 13:17:05');
INSERT INTO `communities_users` (`community_id`, `user_id`, `created_at`) VALUES ('14', '74', '2015-01-26 16:20:52');
INSERT INTO `communities_users` (`community_id`, `user_id`, `created_at`) VALUES ('15', '15', '2012-11-17 23:18:47');
INSERT INTO `communities_users` (`community_id`, `user_id`, `created_at`) VALUES ('15', '45', '2008-11-10 21:12:40');
INSERT INTO `communities_users` (`community_id`, `user_id`, `created_at`) VALUES ('15', '75', '2000-07-09 16:11:23');
INSERT INTO `communities_users` (`community_id`, `user_id`, `created_at`) VALUES ('16', '16', '2004-08-17 08:28:07');
INSERT INTO `communities_users` (`community_id`, `user_id`, `created_at`) VALUES ('16', '46', '2002-04-30 11:23:15');
INSERT INTO `communities_users` (`community_id`, `user_id`, `created_at`) VALUES ('16', '76', '1983-09-04 06:57:33');
INSERT INTO `communities_users` (`community_id`, `user_id`, `created_at`) VALUES ('17', '17', '1998-08-23 12:18:27');
INSERT INTO `communities_users` (`community_id`, `user_id`, `created_at`) VALUES ('17', '47', '1993-11-19 04:51:51');
INSERT INTO `communities_users` (`community_id`, `user_id`, `created_at`) VALUES ('17', '77', '2012-03-17 15:14:20');
INSERT INTO `communities_users` (`community_id`, `user_id`, `created_at`) VALUES ('18', '18', '1982-04-16 14:59:35');
INSERT INTO `communities_users` (`community_id`, `user_id`, `created_at`) VALUES ('18', '48', '2013-08-20 20:58:40');
INSERT INTO `communities_users` (`community_id`, `user_id`, `created_at`) VALUES ('18', '78', '2015-03-23 21:57:51');
INSERT INTO `communities_users` (`community_id`, `user_id`, `created_at`) VALUES ('19', '19', '1975-04-26 18:41:13');
INSERT INTO `communities_users` (`community_id`, `user_id`, `created_at`) VALUES ('19', '49', '1992-12-23 08:11:30');
INSERT INTO `communities_users` (`community_id`, `user_id`, `created_at`) VALUES ('19', '79', '1988-12-18 03:37:24');
INSERT INTO `communities_users` (`community_id`, `user_id`, `created_at`) VALUES ('20', '20', '2009-12-27 00:51:24');
INSERT INTO `communities_users` (`community_id`, `user_id`, `created_at`) VALUES ('20', '50', '1972-11-22 14:43:56');
INSERT INTO `communities_users` (`community_id`, `user_id`, `created_at`) VALUES ('20', '80', '2004-08-20 19:35:24');
INSERT INTO `communities_users` (`community_id`, `user_id`, `created_at`) VALUES ('21', '21', '1980-12-18 14:13:02');
INSERT INTO `communities_users` (`community_id`, `user_id`, `created_at`) VALUES ('21', '51', '2010-01-13 04:10:46');
INSERT INTO `communities_users` (`community_id`, `user_id`, `created_at`) VALUES ('21', '81', '2012-09-12 02:08:16');
INSERT INTO `communities_users` (`community_id`, `user_id`, `created_at`) VALUES ('22', '22', '2013-07-26 00:41:53');
INSERT INTO `communities_users` (`community_id`, `user_id`, `created_at`) VALUES ('22', '52', '1986-08-17 14:01:22');
INSERT INTO `communities_users` (`community_id`, `user_id`, `created_at`) VALUES ('22', '82', '2008-05-23 02:44:56');
INSERT INTO `communities_users` (`community_id`, `user_id`, `created_at`) VALUES ('23', '23', '1997-01-29 09:51:24');
INSERT INTO `communities_users` (`community_id`, `user_id`, `created_at`) VALUES ('23', '53', '2000-08-23 12:46:21');
INSERT INTO `communities_users` (`community_id`, `user_id`, `created_at`) VALUES ('23', '83', '1999-06-25 19:38:14');
INSERT INTO `communities_users` (`community_id`, `user_id`, `created_at`) VALUES ('24', '24', '1998-05-10 04:54:01');
INSERT INTO `communities_users` (`community_id`, `user_id`, `created_at`) VALUES ('24', '54', '2010-03-19 00:27:38');
INSERT INTO `communities_users` (`community_id`, `user_id`, `created_at`) VALUES ('24', '84', '1983-11-17 19:28:17');
INSERT INTO `communities_users` (`community_id`, `user_id`, `created_at`) VALUES ('25', '25', '1993-05-10 06:54:12');
INSERT INTO `communities_users` (`community_id`, `user_id`, `created_at`) VALUES ('25', '55', '1973-06-21 01:26:09');
INSERT INTO `communities_users` (`community_id`, `user_id`, `created_at`) VALUES ('25', '85', '1991-06-05 02:55:51');
INSERT INTO `communities_users` (`community_id`, `user_id`, `created_at`) VALUES ('26', '26', '2007-09-23 05:15:51');
INSERT INTO `communities_users` (`community_id`, `user_id`, `created_at`) VALUES ('26', '56', '1993-03-06 06:04:59');
INSERT INTO `communities_users` (`community_id`, `user_id`, `created_at`) VALUES ('26', '86', '2020-09-08 05:19:11');
INSERT INTO `communities_users` (`community_id`, `user_id`, `created_at`) VALUES ('27', '27', '2006-02-12 13:20:32');
INSERT INTO `communities_users` (`community_id`, `user_id`, `created_at`) VALUES ('27', '57', '2004-05-23 20:02:19');
INSERT INTO `communities_users` (`community_id`, `user_id`, `created_at`) VALUES ('27', '87', '1992-12-02 06:28:11');
INSERT INTO `communities_users` (`community_id`, `user_id`, `created_at`) VALUES ('28', '28', '1992-02-04 20:45:20');
INSERT INTO `communities_users` (`community_id`, `user_id`, `created_at`) VALUES ('28', '58', '1983-06-15 05:40:01');
INSERT INTO `communities_users` (`community_id`, `user_id`, `created_at`) VALUES ('28', '88', '2020-02-19 22:26:29');
INSERT INTO `communities_users` (`community_id`, `user_id`, `created_at`) VALUES ('29', '29', '2013-01-10 01:43:00');
INSERT INTO `communities_users` (`community_id`, `user_id`, `created_at`) VALUES ('29', '59', '1982-04-25 22:58:57');
INSERT INTO `communities_users` (`community_id`, `user_id`, `created_at`) VALUES ('29', '89', '1988-05-12 14:52:16');
INSERT INTO `communities_users` (`community_id`, `user_id`, `created_at`) VALUES ('30', '30', '2017-04-09 17:23:06');
INSERT INTO `communities_users` (`community_id`, `user_id`, `created_at`) VALUES ('30', '60', '1978-05-12 17:07:32');
INSERT INTO `communities_users` (`community_id`, `user_id`, `created_at`) VALUES ('30', '90', '2012-07-31 05:50:41');


INSERT INTO `workshop` (`id`, `user_id`, `created_at`, `updated_at`, `description`) VALUES ('1', '1', '2008-06-05 01:19:19', '1995-01-13 15:28:02', 'Impedit sunt qui aliquid veniam voluptas impedit eos et. Fuga qui et voluptatibus enim iusto voluptatem neque. Ea aspernatur distinctio saepe numquam aut eius nesciunt. Dolores hic minus porro vero.');
INSERT INTO `workshop` (`id`, `user_id`, `created_at`, `updated_at`, `description`) VALUES ('2', '2', '1982-11-21 22:41:07', '1982-12-31 22:16:12', 'Et non qui rerum nulla ut alias eum. Fugit eum qui dolorem enim. Rerum atque excepturi exercitationem qui vel eaque. Eveniet in ut facere distinctio non similique assumenda.');
INSERT INTO `workshop` (`id`, `user_id`, `created_at`, `updated_at`, `description`) VALUES ('3', '3', '1976-07-27 17:02:26', '2006-10-11 05:08:21', 'A iste sint fugiat reprehenderit fuga repudiandae et. Magnam et aliquid inventore fuga voluptatem architecto.');
INSERT INTO `workshop` (`id`, `user_id`, `created_at`, `updated_at`, `description`) VALUES ('4', '4', '1989-02-07 02:39:33', '2006-11-18 02:53:33', 'Non voluptas consectetur ducimus pariatur dolor debitis enim. Culpa voluptatem ea tempora voluptatem soluta. Et voluptatem iste est similique.');
INSERT INTO `workshop` (`id`, `user_id`, `created_at`, `updated_at`, `description`) VALUES ('5', '5', '1988-02-05 23:43:43', '2016-07-28 12:23:26', 'Adipisci consequatur similique unde est aut facere voluptate. Natus maxime itaque eos qui illum omnis. Reprehenderit est minus odit eius. Aut occaecati ut natus.');
INSERT INTO `workshop` (`id`, `user_id`, `created_at`, `updated_at`, `description`) VALUES ('6', '6', '1985-08-26 04:07:57', '1983-07-21 18:12:58', 'Eaque voluptatum tenetur atque in voluptatibus. Enim voluptates et repellendus. Explicabo distinctio odit dolore voluptatem voluptatem quibusdam.');
INSERT INTO `workshop` (`id`, `user_id`, `created_at`, `updated_at`, `description`) VALUES ('7', '7', '1999-04-10 18:07:05', '2000-06-10 15:08:03', 'Et quis ad exercitationem. Necessitatibus delectus qui amet voluptas veritatis. Odio illum id quaerat dolore natus rerum eum tenetur. Cum aperiam sunt natus minus vero aliquid.');
INSERT INTO `workshop` (`id`, `user_id`, `created_at`, `updated_at`, `description`) VALUES ('8', '8', '1983-03-20 01:54:35', '1990-11-27 08:15:11', 'Quos quia rerum unde autem praesentium. Sit odit omnis dolore. Occaecati debitis iusto nesciunt et sunt asperiores.');
INSERT INTO `workshop` (`id`, `user_id`, `created_at`, `updated_at`, `description`) VALUES ('9', '9', '2019-08-11 06:29:36', '1974-02-22 15:50:47', 'Nam saepe magnam sit soluta nam optio commodi reiciendis. Aliquid qui quia animi aperiam minus facere.');
INSERT INTO `workshop` (`id`, `user_id`, `created_at`, `updated_at`, `description`) VALUES ('10', '10', '2002-01-12 00:29:51', '1979-08-28 12:40:42', 'Vel et nemo similique. Dignissimos commodi praesentium tenetur. Aperiam animi veritatis at tempora totam et iure.');
INSERT INTO `workshop` (`id`, `user_id`, `created_at`, `updated_at`, `description`) VALUES ('11', '11', '2006-04-05 14:33:48', '1978-11-03 13:59:16', 'Ex vero quibusdam ipsam. Sapiente excepturi repellat et in voluptatem iure. Consequatur dolores rerum neque.');
INSERT INTO `workshop` (`id`, `user_id`, `created_at`, `updated_at`, `description`) VALUES ('12', '12', '2017-01-06 15:29:56', '2001-07-03 13:58:13', 'Et voluptatem sunt maiores et. Illum aut veniam suscipit a et odio. Saepe blanditiis in laborum et. Quae et est atque quasi ab.');
INSERT INTO `workshop` (`id`, `user_id`, `created_at`, `updated_at`, `description`) VALUES ('13', '13', '1986-11-27 15:11:38', '1973-07-29 20:05:13', 'Ducimus maiores qui mollitia fugit temporibus nesciunt unde. Ipsam vero esse maiores hic voluptas. Fuga ab est ut voluptatem.');
INSERT INTO `workshop` (`id`, `user_id`, `created_at`, `updated_at`, `description`) VALUES ('14', '14', '2019-08-19 19:46:06', '1973-02-21 02:31:53', 'Est corrupti magni non eligendi. Dolorem architecto ut nulla blanditiis. Doloremque quam doloremque earum itaque.');
INSERT INTO `workshop` (`id`, `user_id`, `created_at`, `updated_at`, `description`) VALUES ('15', '15', '1970-06-20 04:59:15', '1981-07-31 23:17:19', 'Consequatur iusto neque facere ut aut qui. Qui dolores laborum rem nesciunt. Excepturi ex inventore id blanditiis dignissimos quas sit dicta.');
INSERT INTO `workshop` (`id`, `user_id`, `created_at`, `updated_at`, `description`) VALUES ('16', '16', '2014-05-07 01:10:41', '1984-04-07 04:52:12', 'Aperiam doloribus optio aut ut tenetur ea velit. Eveniet recusandae dolore et aperiam eum.');
INSERT INTO `workshop` (`id`, `user_id`, `created_at`, `updated_at`, `description`) VALUES ('17', '17', '1981-05-24 20:20:11', '2008-05-25 11:32:00', 'Amet possimus id error neque quibusdam officiis. Cupiditate et quia eum ut. Blanditiis error odio non eum nostrum minus.');
INSERT INTO `workshop` (`id`, `user_id`, `created_at`, `updated_at`, `description`) VALUES ('18', '18', '2002-11-21 09:17:52', '1996-04-09 01:11:04', 'Ipsa et facere sapiente. Iusto nobis molestias voluptates omnis fugit. Quam voluptatum ipsum quaerat consectetur quo soluta perspiciatis.');
INSERT INTO `workshop` (`id`, `user_id`, `created_at`, `updated_at`, `description`) VALUES ('19', '19', '2007-06-11 10:06:51', '2010-04-22 14:57:56', 'Aut adipisci consequatur dolor vel voluptate. Aliquid qui in aut qui adipisci. Vel eum rerum ducimus. Autem ad id dignissimos quis aut iure ipsum.');
INSERT INTO `workshop` (`id`, `user_id`, `created_at`, `updated_at`, `description`) VALUES ('20', '20', '1973-08-05 22:56:52', '2013-02-04 02:21:29', 'Soluta voluptas similique adipisci blanditiis. Qui deserunt modi maiores est. Velit laudantium cumque optio asperiores. Qui esse perspiciatis et laborum sit quibusdam enim.');
INSERT INTO `workshop` (`id`, `user_id`, `created_at`, `updated_at`, `description`) VALUES ('21', '21', '1982-10-08 04:53:04', '1991-04-13 22:45:02', 'Eum maxime unde illo distinctio pariatur consequatur ducimus. Vel quod accusamus magni quas. Sint natus sunt nobis laudantium. Quae autem aliquid est ratione et eos.');
INSERT INTO `workshop` (`id`, `user_id`, `created_at`, `updated_at`, `description`) VALUES ('22', '22', '2002-06-23 21:14:21', '2004-08-26 08:08:53', 'Quia modi quia voluptas animi ab id dolorem. Blanditiis dolorem ipsam incidunt distinctio quae nemo. Possimus non sint nemo vitae vel necessitatibus. Rerum suscipit ipsum sed architecto dolorem.');
INSERT INTO `workshop` (`id`, `user_id`, `created_at`, `updated_at`, `description`) VALUES ('23', '23', '1978-08-06 01:09:52', '1973-09-01 19:44:34', 'Ipsam expedita eligendi reprehenderit alias nihil. Consequatur ullam cumque omnis optio quos. Ab tempore qui omnis. Ratione non tenetur voluptatum qui omnis doloribus aut sit.');
INSERT INTO `workshop` (`id`, `user_id`, `created_at`, `updated_at`, `description`) VALUES ('24', '24', '2004-07-14 10:42:50', '1995-12-29 10:35:22', 'Provident adipisci voluptatem aut dolores. Maxime ut soluta voluptas repellat unde. Est et iste sed in omnis nihil. Sequi voluptatum magni qui consequatur eum autem. Placeat vero adipisci sed modi pariatur quam fuga assumenda.');
INSERT INTO `workshop` (`id`, `user_id`, `created_at`, `updated_at`, `description`) VALUES ('25', '25', '1993-03-21 17:03:46', '1986-01-08 02:00:19', 'Ducimus asperiores aut voluptas. Vitae mollitia rem eaque labore necessitatibus modi eum. Eaque et id id labore sed.');
INSERT INTO `workshop` (`id`, `user_id`, `created_at`, `updated_at`, `description`) VALUES ('26', '26', '1975-10-13 00:39:34', '2007-01-23 02:11:41', 'Vitae optio voluptas a temporibus aut vel. Et harum alias et est reiciendis. Necessitatibus eos voluptas nulla ab facilis eum non. Quo dolor quia saepe optio quod facilis iusto.');
INSERT INTO `workshop` (`id`, `user_id`, `created_at`, `updated_at`, `description`) VALUES ('27', '27', '1980-06-10 04:53:54', '1992-09-12 14:33:30', 'In quam aut eos temporibus quaerat fuga ipsa. Vitae dolor et expedita quos voluptates corporis sit. Vitae ut rerum voluptatem aut sunt amet. Assumenda quis ullam et dolores.');
INSERT INTO `workshop` (`id`, `user_id`, `created_at`, `updated_at`, `description`) VALUES ('28', '28', '1971-02-20 13:12:34', '2018-11-07 12:28:56', 'Eius illum commodi eos et. A tenetur minus fuga veritatis ab in ut. Dolorum sapiente porro placeat ea dolorem explicabo. Quia voluptas ipsum officiis quod repudiandae est. Optio excepturi ut blanditiis sed.');
INSERT INTO `workshop` (`id`, `user_id`, `created_at`, `updated_at`, `description`) VALUES ('29', '29', '1983-03-17 08:39:48', '1984-06-09 18:31:58', 'Soluta corporis et ipsam qui et numquam. Accusamus quia fugiat minus voluptatem facilis. Architecto aut ut eligendi in consequatur magnam aliquam.');
INSERT INTO `workshop` (`id`, `user_id`, `created_at`, `updated_at`, `description`) VALUES ('30', '30', '1992-09-18 19:43:35', '2007-06-01 15:15:15', 'Iusto facilis reprehenderit consectetur reiciendis voluptas possimus quaerat. Ullam ea iste incidunt nesciunt. Ipsam doloremque est quaerat non. Odit reiciendis ut nostrum dolorem.');
INSERT INTO `workshop` (`id`, `user_id`, `created_at`, `updated_at`, `description`) VALUES ('31', '31', '2009-11-10 06:56:52', '1977-06-28 21:34:23', 'Sunt qui sunt eum nihil enim laudantium occaecati voluptatibus. Adipisci vel nihil consectetur id in ipsam.');
INSERT INTO `workshop` (`id`, `user_id`, `created_at`, `updated_at`, `description`) VALUES ('32', '32', '2002-07-23 12:42:26', '2010-10-12 14:50:51', 'Repellendus illo dolor perspiciatis nulla. Dolore ullam delectus doloribus et natus voluptate amet eum. Et commodi animi in qui.');
INSERT INTO `workshop` (`id`, `user_id`, `created_at`, `updated_at`, `description`) VALUES ('33', '33', '2017-07-05 16:21:35', '1981-02-07 18:29:10', 'Expedita odio omnis perspiciatis voluptas id. Repudiandae exercitationem iure excepturi recusandae. Deserunt omnis aliquid quae necessitatibus. Dolorem quia non minima beatae debitis possimus.');
INSERT INTO `workshop` (`id`, `user_id`, `created_at`, `updated_at`, `description`) VALUES ('34', '34', '1979-03-16 06:38:25', '1975-12-13 19:58:29', 'Molestiae quasi est eligendi id soluta omnis numquam deserunt. Ex qui maiores non ut.');
INSERT INTO `workshop` (`id`, `user_id`, `created_at`, `updated_at`, `description`) VALUES ('35', '35', '1982-12-21 01:11:59', '2008-08-20 16:16:05', 'Placeat hic deleniti delectus ducimus consequatur porro quia qui. Enim inventore eum rem corrupti aliquid. Architecto dolorum eligendi labore autem praesentium. Sint possimus dolore ea.');
INSERT INTO `workshop` (`id`, `user_id`, `created_at`, `updated_at`, `description`) VALUES ('36', '36', '1990-08-18 03:03:18', '2013-01-12 14:45:59', 'Excepturi ea eveniet ducimus ut velit molestias. Qui fuga occaecati accusamus ipsum asperiores. Repellendus et quo ipsum ad nisi officiis et.');
INSERT INTO `workshop` (`id`, `user_id`, `created_at`, `updated_at`, `description`) VALUES ('37', '37', '1971-01-25 14:56:00', '1994-01-29 16:30:52', 'Esse eligendi eos dolore eligendi beatae ex. Voluptate sed quo enim voluptatum perferendis quia. Soluta et perspiciatis voluptatibus non rem tempora dicta voluptas.');
INSERT INTO `workshop` (`id`, `user_id`, `created_at`, `updated_at`, `description`) VALUES ('38', '38', '1985-05-26 15:00:32', '1997-11-13 13:28:19', 'Eos et voluptas est voluptas quia expedita nihil. Maxime nemo reprehenderit cum quia non cumque totam. Cum rerum aut dolores sit. Incidunt accusamus voluptatem et omnis consequatur dignissimos numquam recusandae.');
INSERT INTO `workshop` (`id`, `user_id`, `created_at`, `updated_at`, `description`) VALUES ('39', '39', '2011-04-03 20:49:22', '1971-09-27 17:32:04', 'Omnis occaecati modi vitae non ut magnam suscipit. Id fugit cupiditate labore qui et. Eos tempore sit vero in quo voluptates et maiores.');
INSERT INTO `workshop` (`id`, `user_id`, `created_at`, `updated_at`, `description`) VALUES ('40', '40', '1982-06-28 21:12:01', '1991-11-06 12:37:46', 'Possimus at sunt quo aperiam ut quidem qui. Rerum saepe voluptatem aut et. Temporibus totam illo dolor nisi. Atque nihil dolores quia distinctio nihil rem id.');
INSERT INTO `workshop` (`id`, `user_id`, `created_at`, `updated_at`, `description`) VALUES ('41', '41', '2018-03-13 04:34:04', '1989-12-18 03:35:30', 'Earum quia natus nam ea nobis laudantium dolores eos. Corrupti vel ex veniam et. Consectetur cum tempore ut. Ducimus perferendis dolore ratione ad dolorum.');
INSERT INTO `workshop` (`id`, `user_id`, `created_at`, `updated_at`, `description`) VALUES ('42', '42', '1988-03-08 11:39:11', '2007-02-18 20:57:02', 'Debitis tempore voluptatem architecto unde impedit dolore voluptas illo. Dolor mollitia odio et ducimus et dignissimos aut vero. Eos nemo ducimus suscipit modi vel ratione sunt et. Nulla quo molestiae blanditiis libero nihil ex expedita impedit.');
INSERT INTO `workshop` (`id`, `user_id`, `created_at`, `updated_at`, `description`) VALUES ('43', '43', '1981-09-16 20:56:56', '1990-03-10 12:20:57', 'Et vel non molestias est. Id ducimus tempore voluptate assumenda. Sed minima aliquid nam modi soluta enim molestias similique.');
INSERT INTO `workshop` (`id`, `user_id`, `created_at`, `updated_at`, `description`) VALUES ('44', '44', '1977-08-08 20:33:24', '2015-02-09 04:34:13', 'Facilis consequatur officia quia quibusdam. Consequuntur aut quia consequuntur beatae. Explicabo voluptas quia qui. Libero et molestiae error perferendis et neque sapiente.');
INSERT INTO `workshop` (`id`, `user_id`, `created_at`, `updated_at`, `description`) VALUES ('45', '45', '1991-05-23 11:55:28', '2020-12-19 08:23:28', 'Dolore qui aliquam doloribus. Consequatur hic harum ducimus sed odio voluptates. Iste aut qui deleniti qui libero saepe.');
INSERT INTO `workshop` (`id`, `user_id`, `created_at`, `updated_at`, `description`) VALUES ('46', '46', '1977-10-06 13:07:38', '1997-06-04 22:10:51', 'Rerum impedit enim repudiandae. Aut quia sit quasi illo at in fuga. Nostrum veniam amet aspernatur commodi aut rerum.');
INSERT INTO `workshop` (`id`, `user_id`, `created_at`, `updated_at`, `description`) VALUES ('47', '47', '2001-09-20 15:15:37', '1988-12-07 08:31:20', 'Commodi labore fugit odit iure iure rerum voluptatem facilis. Nisi eaque iure praesentium porro quos eius. Nisi repellat eos distinctio culpa voluptatem cupiditate eaque voluptatum. Nisi neque molestiae quo repudiandae et eos non est.');
INSERT INTO `workshop` (`id`, `user_id`, `created_at`, `updated_at`, `description`) VALUES ('48', '48', '2000-03-26 08:25:17', '1976-10-03 15:54:31', 'Eos eius voluptatem qui aspernatur qui possimus autem nisi. Facere accusantium optio quisquam exercitationem nam quo. Enim sunt veniam aperiam aliquam quia. Voluptates enim pariatur debitis commodi.');
INSERT INTO `workshop` (`id`, `user_id`, `created_at`, `updated_at`, `description`) VALUES ('49', '49', '2014-09-19 14:47:48', '1977-10-21 05:46:39', 'Sit aspernatur molestiae nisi porro inventore est. Quidem culpa maiores eos rerum et qui repudiandae. Dolor temporibus beatae sapiente. Sint voluptas eligendi incidunt ad aliquid in vitae.');
INSERT INTO `workshop` (`id`, `user_id`, `created_at`, `updated_at`, `description`) VALUES ('50', '50', '2018-10-10 02:01:11', '2015-09-24 16:48:19', 'Excepturi et inventore qui alias. Ut illum modi maiores delectus. Et sit pariatur quaerat saepe est optio dolor.');
INSERT INTO `workshop` (`id`, `user_id`, `created_at`, `updated_at`, `description`) VALUES ('51', '51', '2001-10-19 09:43:33', '2015-03-12 10:47:32', 'Doloribus illo illum voluptatum incidunt et similique illum. Est sed non quis dolores sit. Et doloremque fuga eum. Est dicta et sint sed deleniti eveniet.');
INSERT INTO `workshop` (`id`, `user_id`, `created_at`, `updated_at`, `description`) VALUES ('52', '52', '2020-04-08 08:11:09', '2011-02-19 05:38:38', 'Eaque voluptatem quo possimus quaerat beatae soluta aut. Sint esse sapiente ad in eos voluptatem vel. Eos pariatur consequuntur itaque recusandae cumque fugiat. Molestiae nostrum illo expedita.');
INSERT INTO `workshop` (`id`, `user_id`, `created_at`, `updated_at`, `description`) VALUES ('53', '53', '1976-10-30 03:04:28', '1997-01-20 07:49:21', 'Ducimus officiis dolor est facilis. Sit nobis magnam deserunt et corrupti.');
INSERT INTO `workshop` (`id`, `user_id`, `created_at`, `updated_at`, `description`) VALUES ('54', '54', '1992-11-26 12:16:00', '2016-08-17 15:42:22', 'Similique cum velit quaerat rerum sed. Similique aut praesentium molestias voluptatem quae ut ut nemo. Fugiat ea aliquid et nam dolores cum voluptatem. Suscipit sint odit totam qui.');
INSERT INTO `workshop` (`id`, `user_id`, `created_at`, `updated_at`, `description`) VALUES ('55', '55', '1988-10-19 05:39:18', '1998-08-03 08:12:43', 'Perferendis aliquid beatae voluptas velit. Porro rem facere veritatis voluptas aut veniam omnis facere. Dolorem ab corporis distinctio aut. Placeat laudantium vero nihil labore qui.');
INSERT INTO `workshop` (`id`, `user_id`, `created_at`, `updated_at`, `description`) VALUES ('56', '56', '1998-06-17 17:47:08', '2003-11-23 02:43:19', 'Odio et dolores sit eaque debitis voluptatem quisquam voluptatum. Eaque aspernatur dolorum et quia dolorem saepe et. Corrupti pariatur saepe omnis occaecati doloremque minus rerum est.');
INSERT INTO `workshop` (`id`, `user_id`, `created_at`, `updated_at`, `description`) VALUES ('57', '57', '1993-04-10 09:26:46', '1975-10-09 10:11:03', 'Provident labore nemo sit dolorum. Est est et ipsum omnis dolorum. Doloremque laboriosam cumque et occaecati assumenda non minima.');
INSERT INTO `workshop` (`id`, `user_id`, `created_at`, `updated_at`, `description`) VALUES ('58', '58', '1978-07-20 09:34:09', '1976-09-29 16:14:04', 'Dolore nostrum et nesciunt quidem. Ipsam enim porro velit quis saepe eum consequatur quia. Nihil ut qui quidem ut sed et modi aspernatur.');
INSERT INTO `workshop` (`id`, `user_id`, `created_at`, `updated_at`, `description`) VALUES ('59', '59', '2006-05-26 13:54:31', '2011-09-23 06:15:41', 'Totam maiores odio et eum iste. Ut soluta et et molestiae aut ea culpa quibusdam. Fugiat nemo numquam iusto repudiandae harum.');
INSERT INTO `workshop` (`id`, `user_id`, `created_at`, `updated_at`, `description`) VALUES ('60', '60', '1998-06-28 05:39:00', '1999-09-27 20:28:54', 'Esse quam eos est ut rerum dolor. Sint quas totam libero ex sapiente voluptate rerum. Qui aut vero consequatur consequatur eum. Ut et reprehenderit inventore ipsa.');
INSERT INTO `workshop` (`id`, `user_id`, `created_at`, `updated_at`, `description`) VALUES ('61', '61', '2017-09-27 13:31:53', '1998-05-11 02:25:01', 'Dolore perspiciatis vel a. Aut ut aut rem et asperiores sint. Aut fugit repellendus corporis atque. Culpa voluptas impedit eveniet odit iure.');
INSERT INTO `workshop` (`id`, `user_id`, `created_at`, `updated_at`, `description`) VALUES ('62', '62', '1975-01-02 08:18:15', '2005-11-20 22:06:56', 'Quidem in consequatur praesentium repudiandae et. Et illum sunt laborum voluptatem voluptatem est. Cumque et error nam et eius quaerat.');
INSERT INTO `workshop` (`id`, `user_id`, `created_at`, `updated_at`, `description`) VALUES ('63', '63', '1974-11-17 05:20:53', '1984-05-03 06:47:21', 'Debitis modi ut ab reprehenderit. Vel iusto libero tempore alias enim voluptatibus et. Voluptas et qui ipsa harum qui ut odit. Necessitatibus nesciunt neque enim.');
INSERT INTO `workshop` (`id`, `user_id`, `created_at`, `updated_at`, `description`) VALUES ('64', '64', '2011-04-26 17:16:59', '2019-01-25 17:15:22', 'Praesentium magnam voluptates est enim ducimus ullam et. Deserunt labore in nihil esse modi quasi. Dolorem velit dolor pariatur distinctio et.');
INSERT INTO `workshop` (`id`, `user_id`, `created_at`, `updated_at`, `description`) VALUES ('65', '65', '1997-10-16 16:16:46', '1994-04-25 20:27:19', 'Dicta error voluptatibus velit. Quidem modi velit doloribus repellat repellendus. In consequatur neque blanditiis. Doloremque blanditiis dolore laudantium esse itaque rem.');
INSERT INTO `workshop` (`id`, `user_id`, `created_at`, `updated_at`, `description`) VALUES ('66', '66', '1994-04-19 07:01:57', '2003-03-20 06:30:11', 'Vitae et deserunt id. Occaecati quibusdam deserunt a minima. Eos non iusto dolor rem quia eius nostrum vitae. Qui nesciunt eius quas maxime facilis veniam eos.');
INSERT INTO `workshop` (`id`, `user_id`, `created_at`, `updated_at`, `description`) VALUES ('67', '67', '1990-06-09 10:38:08', '1971-11-16 14:02:15', 'Consequatur maiores illum dolores quas. Commodi iure aut laudantium odio vel eius omnis ratione. Minima molestiae aperiam laudantium dolores laboriosam dolorem.');
INSERT INTO `workshop` (`id`, `user_id`, `created_at`, `updated_at`, `description`) VALUES ('68', '68', '2017-07-26 03:25:10', '1972-10-01 08:14:51', 'Quo nihil consectetur veniam dignissimos est culpa non. Nesciunt laudantium omnis occaecati quibusdam. Quisquam non maiores sint quis. Excepturi ut officia sint et culpa nisi nostrum fugit.');
INSERT INTO `workshop` (`id`, `user_id`, `created_at`, `updated_at`, `description`) VALUES ('69', '69', '1989-04-16 19:33:58', '1976-01-02 09:54:50', 'Explicabo officia cum iusto. Nam dolores corporis eum ipsa adipisci aut nulla. Harum ducimus non cum ipsam sapiente ut et voluptate. Eum similique autem laboriosam mollitia occaecati.');
INSERT INTO `workshop` (`id`, `user_id`, `created_at`, `updated_at`, `description`) VALUES ('70', '70', '2018-08-18 02:50:27', '1974-02-01 04:11:27', 'Quia distinctio debitis nesciunt. Culpa ipsum quia voluptatem aut. Autem consequatur veritatis consectetur occaecati ipsam.');
INSERT INTO `workshop` (`id`, `user_id`, `created_at`, `updated_at`, `description`) VALUES ('71', '71', '2014-08-25 19:19:38', '2000-04-03 04:43:51', 'Qui accusamus architecto iusto hic velit amet autem. Voluptatem expedita architecto nobis. Earum impedit nobis voluptas pariatur occaecati veritatis. Blanditiis quia nihil eum architecto et quia eos.');
INSERT INTO `workshop` (`id`, `user_id`, `created_at`, `updated_at`, `description`) VALUES ('72', '72', '1983-08-20 04:30:24', '2017-08-13 00:41:36', 'Eligendi atque cupiditate et fugiat ut. Est voluptatem debitis amet est et. Sed quos aliquid voluptatem commodi non ea. Tempore totam quod eius ut.');
INSERT INTO `workshop` (`id`, `user_id`, `created_at`, `updated_at`, `description`) VALUES ('73', '73', '2013-01-27 12:21:22', '2009-04-19 09:15:52', 'Quo enim ab optio omnis possimus. Ipsum enim cumque est corrupti. Maxime excepturi cum laudantium. Unde velit amet recusandae eius.');
INSERT INTO `workshop` (`id`, `user_id`, `created_at`, `updated_at`, `description`) VALUES ('74', '74', '2017-06-22 19:18:40', '1999-09-27 14:33:53', 'Debitis officia vitae voluptatibus mollitia. Ea nobis rerum vero est. Enim nobis nemo ex aut deserunt.');
INSERT INTO `workshop` (`id`, `user_id`, `created_at`, `updated_at`, `description`) VALUES ('75', '75', '2013-09-13 21:42:55', '1982-04-14 04:22:19', 'Et sit nemo et amet beatae commodi sequi delectus. Fugit dolor magni vel molestias enim qui odio. Sed molestiae quam placeat deleniti ullam assumenda dolores. Doloremque autem deleniti at nisi est et. Distinctio quibusdam debitis voluptas id pos');
INSERT INTO `workshop` (`id`, `user_id`, `created_at`, `updated_at`, `description`) VALUES ('76', '76', '2012-12-31 11:49:48', '1986-07-27 11:31:11', 'Officia ad vero doloribus magni. Natus molestiae commodi nesciunt aliquid.');
INSERT INTO `workshop` (`id`, `user_id`, `created_at`, `updated_at`, `description`) VALUES ('77', '77', '2008-08-16 16:25:47', '1985-01-31 13:29:09', 'Quod ipsa iusto minima magni eos labore id iure. Quidem laborum accusantium omnis cupiditate quis exercitationem nemo praesentium.');
INSERT INTO `workshop` (`id`, `user_id`, `created_at`, `updated_at`, `description`) VALUES ('78', '78', '2019-04-27 09:04:01', '1978-06-08 14:27:44', 'Voluptates est voluptatem quaerat maiores rerum doloribus expedita. Incidunt in expedita illum vel esse. In quas omnis qui et eligendi. Et id consectetur quam expedita.');
INSERT INTO `workshop` (`id`, `user_id`, `created_at`, `updated_at`, `description`) VALUES ('79', '79', '2004-02-26 07:11:34', '2005-09-14 07:48:46', 'Repellat inventore vero aut. Quae aut accusantium neque quis deserunt blanditiis quis rerum. Voluptate et voluptatibus et est minus vero odit qui.');
INSERT INTO `workshop` (`id`, `user_id`, `created_at`, `updated_at`, `description`) VALUES ('80', '80', '1994-09-01 15:39:26', '1982-03-21 09:27:56', 'Perferendis labore est consequatur quis. At ab sequi quo fuga animi laborum tempore. Facere rem sit ab sit voluptatem. Quas cum temporibus sapiente debitis in ea.');
INSERT INTO `workshop` (`id`, `user_id`, `created_at`, `updated_at`, `description`) VALUES ('81', '81', '1990-10-08 08:56:04', '1979-08-22 03:35:16', 'A in accusantium ea unde ut repellat. Et autem consequatur libero omnis. Corporis rerum et in accusamus distinctio quibusdam ut.');
INSERT INTO `workshop` (`id`, `user_id`, `created_at`, `updated_at`, `description`) VALUES ('82', '82', '1991-09-14 06:03:21', '1994-06-06 19:02:02', 'Id unde tempore iste voluptatem quidem. Voluptas reiciendis sed aperiam at. Vel ratione vero amet temporibus dolor cum accusantium.');
INSERT INTO `workshop` (`id`, `user_id`, `created_at`, `updated_at`, `description`) VALUES ('83', '83', '1985-10-05 04:15:15', '1996-08-03 22:31:26', 'Sit alias impedit quos occaecati et harum hic. Voluptas aut eaque repudiandae fugiat impedit blanditiis laboriosam. Qui ipsum voluptas est ullam mollitia atque. Quae ut sit eos optio dolore voluptate cumque.');
INSERT INTO `workshop` (`id`, `user_id`, `created_at`, `updated_at`, `description`) VALUES ('84', '84', '1990-07-18 16:33:51', '1986-11-19 10:14:37', 'Officia dolor laudantium molestiae. Et cum dolor et praesentium ut cum qui. Architecto et voluptatem alias ut est eaque.');
INSERT INTO `workshop` (`id`, `user_id`, `created_at`, `updated_at`, `description`) VALUES ('85', '85', '1985-04-06 20:48:15', '1992-03-07 21:21:06', 'Aliquid ducimus velit tempora rerum. Earum magnam dolorum et iste non. Sed itaque ad quia quia provident quis. Minima accusamus debitis culpa aliquam corrupti sapiente sequi.');
INSERT INTO `workshop` (`id`, `user_id`, `created_at`, `updated_at`, `description`) VALUES ('86', '86', '1993-04-24 20:00:47', '2019-09-15 11:12:18', 'Enim et quas vel aperiam adipisci deleniti. Qui at ut dolore vitae iste aspernatur. Incidunt illo nesciunt occaecati. Dolore dolorem sit aut vitae.');
INSERT INTO `workshop` (`id`, `user_id`, `created_at`, `updated_at`, `description`) VALUES ('87', '87', '2018-03-15 09:40:21', '2020-12-17 02:40:30', 'Ratione et sunt voluptates dicta perspiciatis. Eligendi aut omnis voluptatem natus reprehenderit. Illo pariatur cum sed quo quo voluptas eveniet et. Necessitatibus qui voluptas officiis molestias nisi. Nihil distinctio aut et eius molestiae aliq');
INSERT INTO `workshop` (`id`, `user_id`, `created_at`, `updated_at`, `description`) VALUES ('88', '88', '1983-11-04 06:40:31', '2003-04-10 15:09:52', 'Pariatur eligendi et error. Qui cum et quia doloribus molestias aut. Dolorem illum voluptates quaerat voluptatem qui voluptas qui. Sint exercitationem ut consequatur.');
INSERT INTO `workshop` (`id`, `user_id`, `created_at`, `updated_at`, `description`) VALUES ('89', '89', '1978-03-06 19:05:00', '1999-09-27 06:02:03', 'Officiis aperiam asperiores labore aut commodi hic. Quam mollitia quia ratione non dolorem quis aut. Dignissimos soluta similique adipisci enim consectetur dolorem magnam. Optio sed est ut. Explicabo voluptas quidem vitae aspernatur sapiente.');
INSERT INTO `workshop` (`id`, `user_id`, `created_at`, `updated_at`, `description`) VALUES ('90', '90', '1973-09-14 05:09:35', '1976-05-24 10:38:12', 'Eum incidunt voluptate voluptates omnis laboriosam aspernatur. Est hic quo maiores officia culpa qui. Minima repellat occaecati aliquam ea et. Consectetur sequi enim exercitationem magnam et reprehenderit error eius.');
INSERT INTO `workshop` (`id`, `user_id`, `created_at`, `updated_at`, `description`) VALUES ('91', '91', '1973-12-24 05:08:16', '1984-07-06 15:21:47', 'Expedita et amet corporis dolorum. Facilis provident consectetur numquam et ut est ad. Placeat magnam maxime ipsa est veniam itaque id rem.');
INSERT INTO `workshop` (`id`, `user_id`, `created_at`, `updated_at`, `description`) VALUES ('92', '92', '1976-11-29 02:03:19', '1991-03-08 12:26:57', 'Quidem aut nam nihil laudantium omnis omnis alias. Dolores provident commodi nulla ut dicta vitae. Nihil nesciunt expedita vel libero. Est rerum incidunt dolor omnis.');
INSERT INTO `workshop` (`id`, `user_id`, `created_at`, `updated_at`, `description`) VALUES ('93', '93', '1983-07-30 02:51:05', '1994-10-18 23:35:19', 'Hic consequuntur sed sit exercitationem sit amet et. Dolorum sit at possimus. Est officia quia aut minima.');
INSERT INTO `workshop` (`id`, `user_id`, `created_at`, `updated_at`, `description`) VALUES ('94', '94', '1995-03-31 07:34:34', '1991-02-22 20:33:43', 'Quos iure quaerat ex repudiandae. Voluptas laborum aperiam sint ducimus eius corrupti. Consequuntur et quia non repellat atque pariatur illo. Reiciendis et suscipit amet omnis. Omnis nam est rerum ipsa est.');
INSERT INTO `workshop` (`id`, `user_id`, `created_at`, `updated_at`, `description`) VALUES ('95', '95', '1994-02-09 14:16:18', '2005-12-05 11:54:35', 'Placeat aut doloribus debitis qui earum consequatur qui sunt. Ad eveniet officia sunt ex molestiae. Dolores velit maiores officiis corporis.');
INSERT INTO `workshop` (`id`, `user_id`, `created_at`, `updated_at`, `description`) VALUES ('96', '96', '1980-03-31 08:39:35', '2009-12-21 14:16:08', 'Voluptatibus molestiae dicta doloremque eaque architecto hic et. Ducimus laborum inventore repudiandae pariatur deserunt. Rerum ex delectus sed deserunt et.');
INSERT INTO `workshop` (`id`, `user_id`, `created_at`, `updated_at`, `description`) VALUES ('97', '97', '2007-07-06 13:40:22', '1970-12-22 20:44:00', 'Soluta quibusdam voluptatem quia iure voluptatum omnis aut dolor. Assumenda corporis maiores doloremque neque. Ex deleniti non nisi voluptas explicabo. Explicabo commodi qui optio.');
INSERT INTO `workshop` (`id`, `user_id`, `created_at`, `updated_at`, `description`) VALUES ('98', '98', '1997-04-02 08:01:21', '1979-07-16 13:48:14', 'Illo autem aperiam fugiat. Assumenda occaecati iure quia sequi vel iste rem deleniti.');
INSERT INTO `workshop` (`id`, `user_id`, `created_at`, `updated_at`, `description`) VALUES ('99', '99', '2006-12-23 06:13:28', '1976-05-24 09:12:13', 'Consectetur exercitationem voluptatem quia consectetur natus et sed id. Voluptate ut autem amet ex. Non tempore similique consequuntur inventore voluptatum repudiandae nostrum. Occaecati maxime aliquid qui nam a eum recusandae.');
INSERT INTO `workshop` (`id`, `user_id`, `created_at`, `updated_at`, `description`) VALUES ('100', '100', '1979-05-21 07:30:43', '2013-09-08 03:26:28', 'Tenetur autem animi vel nulla quia. Repudiandae optio laudantium mollitia beatae voluptate in maiores molestiae. Neque aut repudiandae explicabo quia quidem dignissimos eos.');


INSERT INTO `workshop_comments` (`id`, `workshop_id`, `user_id`, `created_at`, `txt`) VALUES ('1', '1', '1', '2019-02-21 14:04:08', NULL);
INSERT INTO `workshop_comments` (`id`, `workshop_id`, `user_id`, `created_at`, `txt`) VALUES ('2', '2', '2', '1988-02-18 14:59:23', NULL);
INSERT INTO `workshop_comments` (`id`, `workshop_id`, `user_id`, `created_at`, `txt`) VALUES ('3', '3', '3', '1977-09-11 01:41:12', NULL);
INSERT INTO `workshop_comments` (`id`, `workshop_id`, `user_id`, `created_at`, `txt`) VALUES ('4', '4', '4', '2003-12-21 09:11:25', NULL);
INSERT INTO `workshop_comments` (`id`, `workshop_id`, `user_id`, `created_at`, `txt`) VALUES ('5', '5', '5', '2002-03-05 02:15:02', NULL);
INSERT INTO `workshop_comments` (`id`, `workshop_id`, `user_id`, `created_at`, `txt`) VALUES ('6', '6', '6', '2005-09-19 21:37:04', NULL);
INSERT INTO `workshop_comments` (`id`, `workshop_id`, `user_id`, `created_at`, `txt`) VALUES ('7', '7', '7', '1986-03-22 02:43:03', NULL);
INSERT INTO `workshop_comments` (`id`, `workshop_id`, `user_id`, `created_at`, `txt`) VALUES ('8', '8', '8', '2007-06-02 14:48:51', NULL);
INSERT INTO `workshop_comments` (`id`, `workshop_id`, `user_id`, `created_at`, `txt`) VALUES ('9', '9', '9', '2007-12-11 15:56:19', NULL);
INSERT INTO `workshop_comments` (`id`, `workshop_id`, `user_id`, `created_at`, `txt`) VALUES ('10', '10', '10', '1984-09-17 03:33:18', NULL);
INSERT INTO `workshop_comments` (`id`, `workshop_id`, `user_id`, `created_at`, `txt`) VALUES ('11', '11', '11', '2014-03-13 07:50:32', NULL);
INSERT INTO `workshop_comments` (`id`, `workshop_id`, `user_id`, `created_at`, `txt`) VALUES ('12', '12', '12', '2000-10-27 06:12:15', NULL);
INSERT INTO `workshop_comments` (`id`, `workshop_id`, `user_id`, `created_at`, `txt`) VALUES ('13', '13', '13', '1990-05-27 15:39:18', NULL);
INSERT INTO `workshop_comments` (`id`, `workshop_id`, `user_id`, `created_at`, `txt`) VALUES ('14', '14', '14', '1984-08-23 03:14:00', NULL);
INSERT INTO `workshop_comments` (`id`, `workshop_id`, `user_id`, `created_at`, `txt`) VALUES ('15', '15', '15', '1979-09-27 19:11:53', NULL);
INSERT INTO `workshop_comments` (`id`, `workshop_id`, `user_id`, `created_at`, `txt`) VALUES ('16', '16', '16', '1987-08-23 09:24:06', NULL);
INSERT INTO `workshop_comments` (`id`, `workshop_id`, `user_id`, `created_at`, `txt`) VALUES ('17', '17', '17', '2009-06-30 04:48:28', NULL);
INSERT INTO `workshop_comments` (`id`, `workshop_id`, `user_id`, `created_at`, `txt`) VALUES ('18', '18', '18', '1987-05-02 06:59:14', NULL);
INSERT INTO `workshop_comments` (`id`, `workshop_id`, `user_id`, `created_at`, `txt`) VALUES ('19', '19', '19', '1994-09-18 20:56:37', NULL);
INSERT INTO `workshop_comments` (`id`, `workshop_id`, `user_id`, `created_at`, `txt`) VALUES ('20', '20', '20', '2014-06-21 18:14:41', NULL);
INSERT INTO `workshop_comments` (`id`, `workshop_id`, `user_id`, `created_at`, `txt`) VALUES ('21', '21', '21', '1995-07-25 21:26:26', NULL);
INSERT INTO `workshop_comments` (`id`, `workshop_id`, `user_id`, `created_at`, `txt`) VALUES ('22', '22', '22', '1975-08-27 06:51:44', NULL);
INSERT INTO `workshop_comments` (`id`, `workshop_id`, `user_id`, `created_at`, `txt`) VALUES ('23', '23', '23', '1987-11-19 23:29:25', NULL);
INSERT INTO `workshop_comments` (`id`, `workshop_id`, `user_id`, `created_at`, `txt`) VALUES ('24', '24', '24', '1991-04-26 08:21:20', NULL);
INSERT INTO `workshop_comments` (`id`, `workshop_id`, `user_id`, `created_at`, `txt`) VALUES ('25', '25', '25', '2002-08-22 18:15:40', NULL);
INSERT INTO `workshop_comments` (`id`, `workshop_id`, `user_id`, `created_at`, `txt`) VALUES ('26', '26', '26', '2002-02-01 02:35:50', NULL);
INSERT INTO `workshop_comments` (`id`, `workshop_id`, `user_id`, `created_at`, `txt`) VALUES ('27', '27', '27', '1988-11-17 12:07:23', NULL);
INSERT INTO `workshop_comments` (`id`, `workshop_id`, `user_id`, `created_at`, `txt`) VALUES ('28', '28', '28', '1986-07-02 06:25:16', NULL);
INSERT INTO `workshop_comments` (`id`, `workshop_id`, `user_id`, `created_at`, `txt`) VALUES ('29', '29', '29', '2001-11-29 05:08:17', NULL);
INSERT INTO `workshop_comments` (`id`, `workshop_id`, `user_id`, `created_at`, `txt`) VALUES ('30', '30', '30', '1994-10-19 16:27:41', NULL);
INSERT INTO `workshop_comments` (`id`, `workshop_id`, `user_id`, `created_at`, `txt`) VALUES ('31', '31', '31', '1991-12-17 19:55:45', NULL);
INSERT INTO `workshop_comments` (`id`, `workshop_id`, `user_id`, `created_at`, `txt`) VALUES ('32', '32', '32', '2013-08-31 21:13:05', NULL);
INSERT INTO `workshop_comments` (`id`, `workshop_id`, `user_id`, `created_at`, `txt`) VALUES ('33', '33', '33', '1986-07-08 20:31:30', NULL);
INSERT INTO `workshop_comments` (`id`, `workshop_id`, `user_id`, `created_at`, `txt`) VALUES ('34', '34', '34', '1971-11-01 13:35:26', NULL);
INSERT INTO `workshop_comments` (`id`, `workshop_id`, `user_id`, `created_at`, `txt`) VALUES ('35', '35', '35', '2013-10-03 18:51:00', NULL);
INSERT INTO `workshop_comments` (`id`, `workshop_id`, `user_id`, `created_at`, `txt`) VALUES ('36', '36', '36', '1971-06-29 01:17:16', NULL);
INSERT INTO `workshop_comments` (`id`, `workshop_id`, `user_id`, `created_at`, `txt`) VALUES ('37', '37', '37', '2006-01-18 20:34:52', NULL);
INSERT INTO `workshop_comments` (`id`, `workshop_id`, `user_id`, `created_at`, `txt`) VALUES ('38', '38', '38', '2007-02-22 06:23:07', NULL);
INSERT INTO `workshop_comments` (`id`, `workshop_id`, `user_id`, `created_at`, `txt`) VALUES ('39', '39', '39', '2013-10-15 13:33:58', NULL);
INSERT INTO `workshop_comments` (`id`, `workshop_id`, `user_id`, `created_at`, `txt`) VALUES ('40', '40', '40', '1987-05-08 03:59:19', NULL);
INSERT INTO `workshop_comments` (`id`, `workshop_id`, `user_id`, `created_at`, `txt`) VALUES ('41', '41', '41', '1994-03-28 06:23:08', NULL);
INSERT INTO `workshop_comments` (`id`, `workshop_id`, `user_id`, `created_at`, `txt`) VALUES ('42', '42', '42', '1972-04-22 11:59:13', NULL);
INSERT INTO `workshop_comments` (`id`, `workshop_id`, `user_id`, `created_at`, `txt`) VALUES ('43', '43', '43', '1999-08-22 06:40:57', NULL);
INSERT INTO `workshop_comments` (`id`, `workshop_id`, `user_id`, `created_at`, `txt`) VALUES ('44', '44', '44', '1972-10-19 15:04:55', NULL);
INSERT INTO `workshop_comments` (`id`, `workshop_id`, `user_id`, `created_at`, `txt`) VALUES ('45', '45', '45', '2000-10-21 11:27:14', NULL);
INSERT INTO `workshop_comments` (`id`, `workshop_id`, `user_id`, `created_at`, `txt`) VALUES ('46', '46', '46', '1994-01-18 09:59:45', NULL);
INSERT INTO `workshop_comments` (`id`, `workshop_id`, `user_id`, `created_at`, `txt`) VALUES ('47', '47', '47', '1981-03-03 06:18:40', NULL);
INSERT INTO `workshop_comments` (`id`, `workshop_id`, `user_id`, `created_at`, `txt`) VALUES ('48', '48', '48', '2009-06-20 03:44:14', NULL);
INSERT INTO `workshop_comments` (`id`, `workshop_id`, `user_id`, `created_at`, `txt`) VALUES ('49', '49', '49', '2007-01-31 07:37:19', NULL);
INSERT INTO `workshop_comments` (`id`, `workshop_id`, `user_id`, `created_at`, `txt`) VALUES ('50', '50', '50', '2016-11-12 20:24:53', NULL);
INSERT INTO `workshop_comments` (`id`, `workshop_id`, `user_id`, `created_at`, `txt`) VALUES ('51', '51', '51', '2006-07-06 16:27:23', NULL);
INSERT INTO `workshop_comments` (`id`, `workshop_id`, `user_id`, `created_at`, `txt`) VALUES ('52', '52', '52', '1976-02-26 13:39:06', NULL);
INSERT INTO `workshop_comments` (`id`, `workshop_id`, `user_id`, `created_at`, `txt`) VALUES ('53', '53', '53', '2016-05-21 19:51:57', NULL);
INSERT INTO `workshop_comments` (`id`, `workshop_id`, `user_id`, `created_at`, `txt`) VALUES ('54', '54', '54', '1982-05-28 17:06:32', NULL);
INSERT INTO `workshop_comments` (`id`, `workshop_id`, `user_id`, `created_at`, `txt`) VALUES ('55', '55', '55', '2007-11-08 20:26:28', NULL);
INSERT INTO `workshop_comments` (`id`, `workshop_id`, `user_id`, `created_at`, `txt`) VALUES ('56', '56', '56', '1977-05-19 16:39:42', NULL);
INSERT INTO `workshop_comments` (`id`, `workshop_id`, `user_id`, `created_at`, `txt`) VALUES ('57', '57', '57', '1983-03-20 12:16:15', NULL);
INSERT INTO `workshop_comments` (`id`, `workshop_id`, `user_id`, `created_at`, `txt`) VALUES ('58', '58', '58', '1994-01-13 01:11:06', NULL);
INSERT INTO `workshop_comments` (`id`, `workshop_id`, `user_id`, `created_at`, `txt`) VALUES ('59', '59', '59', '1977-02-25 22:22:20', NULL);
INSERT INTO `workshop_comments` (`id`, `workshop_id`, `user_id`, `created_at`, `txt`) VALUES ('60', '60', '60', '2009-10-12 20:14:11', NULL);
INSERT INTO `workshop_comments` (`id`, `workshop_id`, `user_id`, `created_at`, `txt`) VALUES ('61', '61', '61', '2018-09-21 16:14:36', NULL);
INSERT INTO `workshop_comments` (`id`, `workshop_id`, `user_id`, `created_at`, `txt`) VALUES ('62', '62', '62', '1988-12-01 15:13:09', NULL);
INSERT INTO `workshop_comments` (`id`, `workshop_id`, `user_id`, `created_at`, `txt`) VALUES ('63', '63', '63', '2019-04-26 05:28:53', NULL);
INSERT INTO `workshop_comments` (`id`, `workshop_id`, `user_id`, `created_at`, `txt`) VALUES ('64', '64', '64', '2005-05-07 22:33:36', NULL);
INSERT INTO `workshop_comments` (`id`, `workshop_id`, `user_id`, `created_at`, `txt`) VALUES ('65', '65', '65', '1985-11-04 07:42:19', NULL);
INSERT INTO `workshop_comments` (`id`, `workshop_id`, `user_id`, `created_at`, `txt`) VALUES ('66', '66', '66', '1984-03-31 02:35:05', NULL);
INSERT INTO `workshop_comments` (`id`, `workshop_id`, `user_id`, `created_at`, `txt`) VALUES ('67', '67', '67', '1977-01-06 01:40:28', NULL);
INSERT INTO `workshop_comments` (`id`, `workshop_id`, `user_id`, `created_at`, `txt`) VALUES ('68', '68', '68', '2009-07-02 09:00:14', NULL);
INSERT INTO `workshop_comments` (`id`, `workshop_id`, `user_id`, `created_at`, `txt`) VALUES ('69', '69', '69', '2005-03-24 17:43:07', NULL);
INSERT INTO `workshop_comments` (`id`, `workshop_id`, `user_id`, `created_at`, `txt`) VALUES ('70', '70', '70', '1990-06-05 04:43:25', NULL);
INSERT INTO `workshop_comments` (`id`, `workshop_id`, `user_id`, `created_at`, `txt`) VALUES ('71', '71', '71', '1973-08-10 09:00:03', NULL);
INSERT INTO `workshop_comments` (`id`, `workshop_id`, `user_id`, `created_at`, `txt`) VALUES ('72', '72', '72', '1984-02-19 18:22:58', NULL);
INSERT INTO `workshop_comments` (`id`, `workshop_id`, `user_id`, `created_at`, `txt`) VALUES ('73', '73', '73', '1985-11-02 03:58:34', NULL);
INSERT INTO `workshop_comments` (`id`, `workshop_id`, `user_id`, `created_at`, `txt`) VALUES ('74', '74', '74', '1981-12-31 13:34:40', NULL);
INSERT INTO `workshop_comments` (`id`, `workshop_id`, `user_id`, `created_at`, `txt`) VALUES ('75', '75', '75', '1992-11-09 22:46:42', NULL);
INSERT INTO `workshop_comments` (`id`, `workshop_id`, `user_id`, `created_at`, `txt`) VALUES ('76', '76', '76', '2017-04-07 21:38:01', NULL);
INSERT INTO `workshop_comments` (`id`, `workshop_id`, `user_id`, `created_at`, `txt`) VALUES ('77', '77', '77', '1986-10-20 12:54:46', NULL);
INSERT INTO `workshop_comments` (`id`, `workshop_id`, `user_id`, `created_at`, `txt`) VALUES ('78', '78', '78', '1989-12-26 23:15:57', NULL);
INSERT INTO `workshop_comments` (`id`, `workshop_id`, `user_id`, `created_at`, `txt`) VALUES ('79', '79', '79', '1995-11-16 07:42:46', NULL);
INSERT INTO `workshop_comments` (`id`, `workshop_id`, `user_id`, `created_at`, `txt`) VALUES ('80', '80', '80', '1972-05-16 02:40:52', NULL);
INSERT INTO `workshop_comments` (`id`, `workshop_id`, `user_id`, `created_at`, `txt`) VALUES ('81', '81', '81', '2017-01-25 10:57:52', NULL);
INSERT INTO `workshop_comments` (`id`, `workshop_id`, `user_id`, `created_at`, `txt`) VALUES ('82', '82', '82', '2003-03-06 03:29:46', NULL);
INSERT INTO `workshop_comments` (`id`, `workshop_id`, `user_id`, `created_at`, `txt`) VALUES ('83', '83', '83', '1987-06-22 14:38:39', NULL);
INSERT INTO `workshop_comments` (`id`, `workshop_id`, `user_id`, `created_at`, `txt`) VALUES ('84', '84', '84', '1990-09-23 21:50:05', NULL);
INSERT INTO `workshop_comments` (`id`, `workshop_id`, `user_id`, `created_at`, `txt`) VALUES ('85', '85', '85', '2007-05-17 07:33:49', NULL);
INSERT INTO `workshop_comments` (`id`, `workshop_id`, `user_id`, `created_at`, `txt`) VALUES ('86', '86', '86', '2000-05-02 13:44:16', NULL);
INSERT INTO `workshop_comments` (`id`, `workshop_id`, `user_id`, `created_at`, `txt`) VALUES ('87', '87', '87', '1994-07-15 16:23:06', NULL);
INSERT INTO `workshop_comments` (`id`, `workshop_id`, `user_id`, `created_at`, `txt`) VALUES ('88', '88', '88', '2005-10-15 17:48:12', NULL);
INSERT INTO `workshop_comments` (`id`, `workshop_id`, `user_id`, `created_at`, `txt`) VALUES ('89', '89', '89', '1977-05-10 20:17:51', NULL);
INSERT INTO `workshop_comments` (`id`, `workshop_id`, `user_id`, `created_at`, `txt`) VALUES ('90', '90', '90', '2011-02-03 16:36:42', NULL);
INSERT INTO `workshop_comments` (`id`, `workshop_id`, `user_id`, `created_at`, `txt`) VALUES ('91', '91', '91', '1985-11-04 00:31:29', NULL);
INSERT INTO `workshop_comments` (`id`, `workshop_id`, `user_id`, `created_at`, `txt`) VALUES ('92', '92', '92', '1986-06-25 03:56:20', NULL);
INSERT INTO `workshop_comments` (`id`, `workshop_id`, `user_id`, `created_at`, `txt`) VALUES ('93', '93', '93', '2018-04-19 03:53:07', NULL);
INSERT INTO `workshop_comments` (`id`, `workshop_id`, `user_id`, `created_at`, `txt`) VALUES ('94', '94', '94', '2004-12-20 20:17:11', NULL);
INSERT INTO `workshop_comments` (`id`, `workshop_id`, `user_id`, `created_at`, `txt`) VALUES ('95', '95', '95', '1989-04-25 00:59:56', NULL);
INSERT INTO `workshop_comments` (`id`, `workshop_id`, `user_id`, `created_at`, `txt`) VALUES ('96', '96', '96', '1980-08-01 20:09:50', NULL);
INSERT INTO `workshop_comments` (`id`, `workshop_id`, `user_id`, `created_at`, `txt`) VALUES ('97', '97', '97', '2005-05-13 04:56:30', NULL);
INSERT INTO `workshop_comments` (`id`, `workshop_id`, `user_id`, `created_at`, `txt`) VALUES ('98', '98', '98', '1977-08-29 16:37:59', NULL);
INSERT INTO `workshop_comments` (`id`, `workshop_id`, `user_id`, `created_at`, `txt`) VALUES ('99', '99', '99', '1981-05-05 15:46:17', NULL);
INSERT INTO `workshop_comments` (`id`, `workshop_id`, `user_id`, `created_at`, `txt`) VALUES ('100', '100', '100', '1987-06-06 03:36:44', NULL);
INSERT INTO `workshop_comments` (`id`, `workshop_id`, `user_id`, `created_at`, `txt`) VALUES ('101', '1', '1', '2008-04-16 15:58:26', NULL);
INSERT INTO `workshop_comments` (`id`, `workshop_id`, `user_id`, `created_at`, `txt`) VALUES ('102', '2', '2', '1972-02-17 11:33:12', NULL);
INSERT INTO `workshop_comments` (`id`, `workshop_id`, `user_id`, `created_at`, `txt`) VALUES ('103', '3', '3', '1980-03-12 09:31:13', NULL);
INSERT INTO `workshop_comments` (`id`, `workshop_id`, `user_id`, `created_at`, `txt`) VALUES ('104', '4', '4', '1995-10-03 17:56:55', NULL);
INSERT INTO `workshop_comments` (`id`, `workshop_id`, `user_id`, `created_at`, `txt`) VALUES ('105', '5', '5', '2018-06-03 15:10:56', NULL);
INSERT INTO `workshop_comments` (`id`, `workshop_id`, `user_id`, `created_at`, `txt`) VALUES ('106', '6', '6', '1991-06-15 18:30:31', NULL);
INSERT INTO `workshop_comments` (`id`, `workshop_id`, `user_id`, `created_at`, `txt`) VALUES ('107', '7', '7', '1982-09-03 08:16:40', NULL);
INSERT INTO `workshop_comments` (`id`, `workshop_id`, `user_id`, `created_at`, `txt`) VALUES ('108', '8', '8', '1971-08-26 01:36:36', NULL);
INSERT INTO `workshop_comments` (`id`, `workshop_id`, `user_id`, `created_at`, `txt`) VALUES ('109', '9', '9', '2011-07-22 05:31:24', NULL);
INSERT INTO `workshop_comments` (`id`, `workshop_id`, `user_id`, `created_at`, `txt`) VALUES ('110', '10', '10', '2000-05-08 19:33:17', NULL);
INSERT INTO `workshop_comments` (`id`, `workshop_id`, `user_id`, `created_at`, `txt`) VALUES ('111', '11', '11', '1990-12-07 21:08:37', NULL);
INSERT INTO `workshop_comments` (`id`, `workshop_id`, `user_id`, `created_at`, `txt`) VALUES ('112', '12', '12', '1983-03-20 06:51:15', NULL);
INSERT INTO `workshop_comments` (`id`, `workshop_id`, `user_id`, `created_at`, `txt`) VALUES ('113', '13', '13', '2020-04-14 12:00:19', NULL);
INSERT INTO `workshop_comments` (`id`, `workshop_id`, `user_id`, `created_at`, `txt`) VALUES ('114', '14', '14', '2003-05-02 03:44:10', NULL);
INSERT INTO `workshop_comments` (`id`, `workshop_id`, `user_id`, `created_at`, `txt`) VALUES ('115', '15', '15', '2006-05-11 02:17:52', NULL);
INSERT INTO `workshop_comments` (`id`, `workshop_id`, `user_id`, `created_at`, `txt`) VALUES ('116', '16', '16', '1984-05-08 15:03:42', NULL);
INSERT INTO `workshop_comments` (`id`, `workshop_id`, `user_id`, `created_at`, `txt`) VALUES ('117', '17', '17', '1996-07-05 01:03:43', NULL);
INSERT INTO `workshop_comments` (`id`, `workshop_id`, `user_id`, `created_at`, `txt`) VALUES ('118', '18', '18', '1972-02-09 19:01:38', NULL);
INSERT INTO `workshop_comments` (`id`, `workshop_id`, `user_id`, `created_at`, `txt`) VALUES ('119', '19', '19', '1991-10-06 10:45:27', NULL);
INSERT INTO `workshop_comments` (`id`, `workshop_id`, `user_id`, `created_at`, `txt`) VALUES ('120', '20', '20', '2007-08-03 03:45:30', NULL);
INSERT INTO `workshop_comments` (`id`, `workshop_id`, `user_id`, `created_at`, `txt`) VALUES ('121', '21', '21', '2009-11-05 09:36:39', NULL);
INSERT INTO `workshop_comments` (`id`, `workshop_id`, `user_id`, `created_at`, `txt`) VALUES ('122', '22', '22', '1987-12-25 00:56:26', NULL);
INSERT INTO `workshop_comments` (`id`, `workshop_id`, `user_id`, `created_at`, `txt`) VALUES ('123', '23', '23', '2008-11-25 14:06:37', NULL);
INSERT INTO `workshop_comments` (`id`, `workshop_id`, `user_id`, `created_at`, `txt`) VALUES ('124', '24', '24', '1982-04-07 05:11:54', NULL);
INSERT INTO `workshop_comments` (`id`, `workshop_id`, `user_id`, `created_at`, `txt`) VALUES ('125', '25', '25', '1993-04-10 13:14:09', NULL);
INSERT INTO `workshop_comments` (`id`, `workshop_id`, `user_id`, `created_at`, `txt`) VALUES ('126', '26', '26', '1987-01-25 02:33:31', NULL);
INSERT INTO `workshop_comments` (`id`, `workshop_id`, `user_id`, `created_at`, `txt`) VALUES ('127', '27', '27', '2007-07-29 13:13:27', NULL);
INSERT INTO `workshop_comments` (`id`, `workshop_id`, `user_id`, `created_at`, `txt`) VALUES ('128', '28', '28', '2008-02-12 04:41:53', NULL);
INSERT INTO `workshop_comments` (`id`, `workshop_id`, `user_id`, `created_at`, `txt`) VALUES ('129', '29', '29', '1985-06-23 11:52:24', NULL);
INSERT INTO `workshop_comments` (`id`, `workshop_id`, `user_id`, `created_at`, `txt`) VALUES ('130', '30', '30', '1989-05-04 03:47:25', NULL);
INSERT INTO `workshop_comments` (`id`, `workshop_id`, `user_id`, `created_at`, `txt`) VALUES ('131', '31', '31', '1987-05-01 20:01:48', NULL);
INSERT INTO `workshop_comments` (`id`, `workshop_id`, `user_id`, `created_at`, `txt`) VALUES ('132', '32', '32', '2014-09-07 21:08:52', NULL);
INSERT INTO `workshop_comments` (`id`, `workshop_id`, `user_id`, `created_at`, `txt`) VALUES ('133', '33', '33', '1994-12-30 17:07:28', NULL);
INSERT INTO `workshop_comments` (`id`, `workshop_id`, `user_id`, `created_at`, `txt`) VALUES ('134', '34', '34', '1999-10-02 23:52:58', NULL);
INSERT INTO `workshop_comments` (`id`, `workshop_id`, `user_id`, `created_at`, `txt`) VALUES ('135', '35', '35', '1982-12-21 17:29:59', NULL);
INSERT INTO `workshop_comments` (`id`, `workshop_id`, `user_id`, `created_at`, `txt`) VALUES ('136', '36', '36', '1975-02-07 16:12:22', NULL);
INSERT INTO `workshop_comments` (`id`, `workshop_id`, `user_id`, `created_at`, `txt`) VALUES ('137', '37', '37', '1978-12-06 15:45:55', NULL);
INSERT INTO `workshop_comments` (`id`, `workshop_id`, `user_id`, `created_at`, `txt`) VALUES ('138', '38', '38', '1992-05-27 18:53:56', NULL);
INSERT INTO `workshop_comments` (`id`, `workshop_id`, `user_id`, `created_at`, `txt`) VALUES ('139', '39', '39', '2015-09-07 05:46:06', NULL);
INSERT INTO `workshop_comments` (`id`, `workshop_id`, `user_id`, `created_at`, `txt`) VALUES ('140', '40', '40', '1981-09-23 21:54:39', NULL);
INSERT INTO `workshop_comments` (`id`, `workshop_id`, `user_id`, `created_at`, `txt`) VALUES ('141', '41', '41', '1980-10-19 07:24:35', NULL);
INSERT INTO `workshop_comments` (`id`, `workshop_id`, `user_id`, `created_at`, `txt`) VALUES ('142', '42', '42', '2017-03-15 00:25:34', NULL);
INSERT INTO `workshop_comments` (`id`, `workshop_id`, `user_id`, `created_at`, `txt`) VALUES ('143', '43', '43', '1972-02-17 18:35:54', NULL);
INSERT INTO `workshop_comments` (`id`, `workshop_id`, `user_id`, `created_at`, `txt`) VALUES ('144', '44', '44', '1973-05-08 00:48:04', NULL);
INSERT INTO `workshop_comments` (`id`, `workshop_id`, `user_id`, `created_at`, `txt`) VALUES ('145', '45', '45', '1972-07-30 21:00:21', NULL);
INSERT INTO `workshop_comments` (`id`, `workshop_id`, `user_id`, `created_at`, `txt`) VALUES ('146', '46', '46', '2017-12-19 16:17:32', NULL);
INSERT INTO `workshop_comments` (`id`, `workshop_id`, `user_id`, `created_at`, `txt`) VALUES ('147', '47', '47', '2012-06-05 20:57:47', NULL);
INSERT INTO `workshop_comments` (`id`, `workshop_id`, `user_id`, `created_at`, `txt`) VALUES ('148', '48', '48', '2015-09-25 17:11:59', NULL);
INSERT INTO `workshop_comments` (`id`, `workshop_id`, `user_id`, `created_at`, `txt`) VALUES ('149', '49', '49', '1978-05-11 14:18:19', NULL);
INSERT INTO `workshop_comments` (`id`, `workshop_id`, `user_id`, `created_at`, `txt`) VALUES ('150', '50', '50', '2018-01-10 15:16:00', NULL);
INSERT INTO `workshop_comments` (`id`, `workshop_id`, `user_id`, `created_at`, `txt`) VALUES ('151', '51', '51', '1983-01-28 06:40:33', NULL);
INSERT INTO `workshop_comments` (`id`, `workshop_id`, `user_id`, `created_at`, `txt`) VALUES ('152', '52', '52', '1973-12-30 13:54:27', NULL);
INSERT INTO `workshop_comments` (`id`, `workshop_id`, `user_id`, `created_at`, `txt`) VALUES ('153', '53', '53', '1986-03-05 20:43:59', NULL);
INSERT INTO `workshop_comments` (`id`, `workshop_id`, `user_id`, `created_at`, `txt`) VALUES ('154', '54', '54', '2017-05-13 13:13:04', NULL);
INSERT INTO `workshop_comments` (`id`, `workshop_id`, `user_id`, `created_at`, `txt`) VALUES ('155', '55', '55', '2014-02-25 10:34:00', NULL);
INSERT INTO `workshop_comments` (`id`, `workshop_id`, `user_id`, `created_at`, `txt`) VALUES ('156', '56', '56', '2018-04-28 15:19:42', NULL);
INSERT INTO `workshop_comments` (`id`, `workshop_id`, `user_id`, `created_at`, `txt`) VALUES ('157', '57', '57', '1979-05-21 19:03:43', NULL);
INSERT INTO `workshop_comments` (`id`, `workshop_id`, `user_id`, `created_at`, `txt`) VALUES ('158', '58', '58', '1994-04-02 15:07:25', NULL);
INSERT INTO `workshop_comments` (`id`, `workshop_id`, `user_id`, `created_at`, `txt`) VALUES ('159', '59', '59', '1994-11-16 09:28:53', NULL);
INSERT INTO `workshop_comments` (`id`, `workshop_id`, `user_id`, `created_at`, `txt`) VALUES ('160', '60', '60', '1989-05-17 18:45:25', NULL);
INSERT INTO `workshop_comments` (`id`, `workshop_id`, `user_id`, `created_at`, `txt`) VALUES ('161', '61', '61', '1999-12-11 20:47:50', NULL);
INSERT INTO `workshop_comments` (`id`, `workshop_id`, `user_id`, `created_at`, `txt`) VALUES ('162', '62', '62', '2000-03-11 16:33:06', NULL);
INSERT INTO `workshop_comments` (`id`, `workshop_id`, `user_id`, `created_at`, `txt`) VALUES ('163', '63', '63', '1978-12-25 01:32:53', NULL);
INSERT INTO `workshop_comments` (`id`, `workshop_id`, `user_id`, `created_at`, `txt`) VALUES ('164', '64', '64', '2018-11-13 15:15:26', NULL);
INSERT INTO `workshop_comments` (`id`, `workshop_id`, `user_id`, `created_at`, `txt`) VALUES ('165', '65', '65', '2005-11-23 01:06:24', NULL);
INSERT INTO `workshop_comments` (`id`, `workshop_id`, `user_id`, `created_at`, `txt`) VALUES ('166', '66', '66', '2016-09-29 15:42:02', NULL);
INSERT INTO `workshop_comments` (`id`, `workshop_id`, `user_id`, `created_at`, `txt`) VALUES ('167', '67', '67', '2020-04-05 22:10:32', NULL);
INSERT INTO `workshop_comments` (`id`, `workshop_id`, `user_id`, `created_at`, `txt`) VALUES ('168', '68', '68', '1974-12-22 09:43:53', NULL);
INSERT INTO `workshop_comments` (`id`, `workshop_id`, `user_id`, `created_at`, `txt`) VALUES ('169', '69', '69', '2004-09-15 11:58:01', NULL);
INSERT INTO `workshop_comments` (`id`, `workshop_id`, `user_id`, `created_at`, `txt`) VALUES ('170', '70', '70', '2008-09-11 08:10:33', NULL);
INSERT INTO `workshop_comments` (`id`, `workshop_id`, `user_id`, `created_at`, `txt`) VALUES ('171', '71', '71', '2013-10-12 07:41:33', NULL);
INSERT INTO `workshop_comments` (`id`, `workshop_id`, `user_id`, `created_at`, `txt`) VALUES ('172', '72', '72', '1993-07-24 16:20:01', NULL);
INSERT INTO `workshop_comments` (`id`, `workshop_id`, `user_id`, `created_at`, `txt`) VALUES ('173', '73', '73', '2011-02-13 19:29:38', NULL);
INSERT INTO `workshop_comments` (`id`, `workshop_id`, `user_id`, `created_at`, `txt`) VALUES ('174', '74', '74', '1973-02-15 06:00:05', NULL);
INSERT INTO `workshop_comments` (`id`, `workshop_id`, `user_id`, `created_at`, `txt`) VALUES ('175', '75', '75', '2012-04-17 23:54:34', NULL);
INSERT INTO `workshop_comments` (`id`, `workshop_id`, `user_id`, `created_at`, `txt`) VALUES ('176', '76', '76', '2000-05-07 11:20:02', NULL);
INSERT INTO `workshop_comments` (`id`, `workshop_id`, `user_id`, `created_at`, `txt`) VALUES ('177', '77', '77', '2018-09-21 11:37:14', NULL);
INSERT INTO `workshop_comments` (`id`, `workshop_id`, `user_id`, `created_at`, `txt`) VALUES ('178', '78', '78', '2013-12-05 06:18:39', NULL);
INSERT INTO `workshop_comments` (`id`, `workshop_id`, `user_id`, `created_at`, `txt`) VALUES ('179', '79', '79', '1992-10-24 04:46:21', NULL);
INSERT INTO `workshop_comments` (`id`, `workshop_id`, `user_id`, `created_at`, `txt`) VALUES ('180', '80', '80', '1981-08-18 16:21:23', NULL);
INSERT INTO `workshop_comments` (`id`, `workshop_id`, `user_id`, `created_at`, `txt`) VALUES ('181', '81', '81', '1988-08-30 13:10:23', NULL);
INSERT INTO `workshop_comments` (`id`, `workshop_id`, `user_id`, `created_at`, `txt`) VALUES ('182', '82', '82', '1977-02-15 09:41:54', NULL);
INSERT INTO `workshop_comments` (`id`, `workshop_id`, `user_id`, `created_at`, `txt`) VALUES ('183', '83', '83', '1983-02-09 07:14:06', NULL);
INSERT INTO `workshop_comments` (`id`, `workshop_id`, `user_id`, `created_at`, `txt`) VALUES ('184', '84', '84', '1982-03-04 09:28:19', NULL);
INSERT INTO `workshop_comments` (`id`, `workshop_id`, `user_id`, `created_at`, `txt`) VALUES ('185', '85', '85', '2019-05-06 22:26:14', NULL);
INSERT INTO `workshop_comments` (`id`, `workshop_id`, `user_id`, `created_at`, `txt`) VALUES ('186', '86', '86', '2004-09-14 21:03:13', NULL);
INSERT INTO `workshop_comments` (`id`, `workshop_id`, `user_id`, `created_at`, `txt`) VALUES ('187', '87', '87', '2005-11-12 05:45:30', NULL);
INSERT INTO `workshop_comments` (`id`, `workshop_id`, `user_id`, `created_at`, `txt`) VALUES ('188', '88', '88', '1970-06-03 22:56:00', NULL);
INSERT INTO `workshop_comments` (`id`, `workshop_id`, `user_id`, `created_at`, `txt`) VALUES ('189', '89', '89', '1986-06-26 08:42:58', NULL);
INSERT INTO `workshop_comments` (`id`, `workshop_id`, `user_id`, `created_at`, `txt`) VALUES ('190', '90', '90', '1999-10-26 22:16:26', NULL);
INSERT INTO `workshop_comments` (`id`, `workshop_id`, `user_id`, `created_at`, `txt`) VALUES ('191', '91', '91', '1995-03-25 12:09:55', NULL);
INSERT INTO `workshop_comments` (`id`, `workshop_id`, `user_id`, `created_at`, `txt`) VALUES ('192', '92', '92', '2003-05-26 10:44:50', NULL);
INSERT INTO `workshop_comments` (`id`, `workshop_id`, `user_id`, `created_at`, `txt`) VALUES ('193', '93', '93', '2007-11-27 16:52:26', NULL);
INSERT INTO `workshop_comments` (`id`, `workshop_id`, `user_id`, `created_at`, `txt`) VALUES ('194', '94', '94', '2006-01-27 22:15:06', NULL);
INSERT INTO `workshop_comments` (`id`, `workshop_id`, `user_id`, `created_at`, `txt`) VALUES ('195', '95', '95', '1983-01-14 19:25:00', NULL);
INSERT INTO `workshop_comments` (`id`, `workshop_id`, `user_id`, `created_at`, `txt`) VALUES ('196', '96', '96', '1994-08-19 13:48:11', NULL);
INSERT INTO `workshop_comments` (`id`, `workshop_id`, `user_id`, `created_at`, `txt`) VALUES ('197', '97', '97', '1979-11-18 14:02:17', NULL);
INSERT INTO `workshop_comments` (`id`, `workshop_id`, `user_id`, `created_at`, `txt`) VALUES ('198', '98', '98', '2009-03-20 01:00:10', NULL);
INSERT INTO `workshop_comments` (`id`, `workshop_id`, `user_id`, `created_at`, `txt`) VALUES ('199', '99', '99', '2019-11-01 15:52:52', NULL);
INSERT INTO `workshop_comments` (`id`, `workshop_id`, `user_id`, `created_at`, `txt`) VALUES ('200', '100', '100', '2019-12-11 12:59:14', NULL);
INSERT INTO `workshop_comments` (`id`, `workshop_id`, `user_id`, `created_at`, `txt`) VALUES ('201', '1', '1', '2021-03-03 06:40:36', NULL);
INSERT INTO `workshop_comments` (`id`, `workshop_id`, `user_id`, `created_at`, `txt`) VALUES ('202', '2', '2', '1986-07-12 08:05:49', NULL);
INSERT INTO `workshop_comments` (`id`, `workshop_id`, `user_id`, `created_at`, `txt`) VALUES ('203', '3', '3', '2011-04-12 06:45:03', NULL);
INSERT INTO `workshop_comments` (`id`, `workshop_id`, `user_id`, `created_at`, `txt`) VALUES ('204', '4', '4', '1974-04-22 06:06:05', NULL);
INSERT INTO `workshop_comments` (`id`, `workshop_id`, `user_id`, `created_at`, `txt`) VALUES ('205', '5', '5', '1999-11-05 04:05:53', NULL);
INSERT INTO `workshop_comments` (`id`, `workshop_id`, `user_id`, `created_at`, `txt`) VALUES ('206', '6', '6', '1997-03-13 04:07:14', NULL);
INSERT INTO `workshop_comments` (`id`, `workshop_id`, `user_id`, `created_at`, `txt`) VALUES ('207', '7', '7', '1973-09-28 03:14:45', NULL);
INSERT INTO `workshop_comments` (`id`, `workshop_id`, `user_id`, `created_at`, `txt`) VALUES ('208', '8', '8', '1981-12-04 22:05:28', NULL);
INSERT INTO `workshop_comments` (`id`, `workshop_id`, `user_id`, `created_at`, `txt`) VALUES ('209', '9', '9', '2016-05-05 06:26:52', NULL);
INSERT INTO `workshop_comments` (`id`, `workshop_id`, `user_id`, `created_at`, `txt`) VALUES ('210', '10', '10', '2016-01-01 17:29:11', NULL);
INSERT INTO `workshop_comments` (`id`, `workshop_id`, `user_id`, `created_at`, `txt`) VALUES ('211', '11', '11', '1985-12-01 21:32:41', NULL);
INSERT INTO `workshop_comments` (`id`, `workshop_id`, `user_id`, `created_at`, `txt`) VALUES ('212', '12', '12', '2005-01-27 15:49:05', NULL);
INSERT INTO `workshop_comments` (`id`, `workshop_id`, `user_id`, `created_at`, `txt`) VALUES ('213', '13', '13', '1980-11-25 20:48:16', NULL);
INSERT INTO `workshop_comments` (`id`, `workshop_id`, `user_id`, `created_at`, `txt`) VALUES ('214', '14', '14', '1999-01-05 15:16:59', NULL);
INSERT INTO `workshop_comments` (`id`, `workshop_id`, `user_id`, `created_at`, `txt`) VALUES ('215', '15', '15', '1980-01-20 08:02:08', NULL);
INSERT INTO `workshop_comments` (`id`, `workshop_id`, `user_id`, `created_at`, `txt`) VALUES ('216', '16', '16', '1995-03-04 14:01:37', NULL);
INSERT INTO `workshop_comments` (`id`, `workshop_id`, `user_id`, `created_at`, `txt`) VALUES ('217', '17', '17', '2009-08-15 04:00:17', NULL);
INSERT INTO `workshop_comments` (`id`, `workshop_id`, `user_id`, `created_at`, `txt`) VALUES ('218', '18', '18', '1976-11-21 17:11:20', NULL);
INSERT INTO `workshop_comments` (`id`, `workshop_id`, `user_id`, `created_at`, `txt`) VALUES ('219', '19', '19', '1986-11-17 08:39:16', NULL);
INSERT INTO `workshop_comments` (`id`, `workshop_id`, `user_id`, `created_at`, `txt`) VALUES ('220', '20', '20', '2000-10-26 03:23:22', NULL);
INSERT INTO `workshop_comments` (`id`, `workshop_id`, `user_id`, `created_at`, `txt`) VALUES ('221', '21', '21', '2006-10-01 16:19:24', NULL);
INSERT INTO `workshop_comments` (`id`, `workshop_id`, `user_id`, `created_at`, `txt`) VALUES ('222', '22', '22', '2006-10-02 11:52:44', NULL);
INSERT INTO `workshop_comments` (`id`, `workshop_id`, `user_id`, `created_at`, `txt`) VALUES ('223', '23', '23', '1993-07-12 09:54:47', NULL);
INSERT INTO `workshop_comments` (`id`, `workshop_id`, `user_id`, `created_at`, `txt`) VALUES ('224', '24', '24', '2005-11-20 10:41:01', NULL);
INSERT INTO `workshop_comments` (`id`, `workshop_id`, `user_id`, `created_at`, `txt`) VALUES ('225', '25', '25', '1975-07-30 03:10:51', NULL);
INSERT INTO `workshop_comments` (`id`, `workshop_id`, `user_id`, `created_at`, `txt`) VALUES ('226', '26', '26', '1982-04-24 18:34:59', NULL);
INSERT INTO `workshop_comments` (`id`, `workshop_id`, `user_id`, `created_at`, `txt`) VALUES ('227', '27', '27', '2005-01-04 09:28:59', NULL);
INSERT INTO `workshop_comments` (`id`, `workshop_id`, `user_id`, `created_at`, `txt`) VALUES ('228', '28', '28', '1996-01-23 19:13:21', NULL);
INSERT INTO `workshop_comments` (`id`, `workshop_id`, `user_id`, `created_at`, `txt`) VALUES ('229', '29', '29', '2005-03-25 16:43:55', NULL);
INSERT INTO `workshop_comments` (`id`, `workshop_id`, `user_id`, `created_at`, `txt`) VALUES ('230', '30', '30', '2014-01-27 12:18:39', NULL);
INSERT INTO `workshop_comments` (`id`, `workshop_id`, `user_id`, `created_at`, `txt`) VALUES ('231', '31', '31', '1983-09-20 06:37:28', NULL);
INSERT INTO `workshop_comments` (`id`, `workshop_id`, `user_id`, `created_at`, `txt`) VALUES ('232', '32', '32', '2009-06-01 09:52:04', NULL);
INSERT INTO `workshop_comments` (`id`, `workshop_id`, `user_id`, `created_at`, `txt`) VALUES ('233', '33', '33', '1975-09-02 16:55:11', NULL);
INSERT INTO `workshop_comments` (`id`, `workshop_id`, `user_id`, `created_at`, `txt`) VALUES ('234', '34', '34', '1989-08-13 15:50:02', NULL);
INSERT INTO `workshop_comments` (`id`, `workshop_id`, `user_id`, `created_at`, `txt`) VALUES ('235', '35', '35', '2017-02-02 04:39:43', NULL);
INSERT INTO `workshop_comments` (`id`, `workshop_id`, `user_id`, `created_at`, `txt`) VALUES ('236', '36', '36', '2004-11-15 03:54:49', NULL);
INSERT INTO `workshop_comments` (`id`, `workshop_id`, `user_id`, `created_at`, `txt`) VALUES ('237', '37', '37', '2018-10-06 16:00:10', NULL);
INSERT INTO `workshop_comments` (`id`, `workshop_id`, `user_id`, `created_at`, `txt`) VALUES ('238', '38', '38', '1997-02-07 15:36:06', NULL);
INSERT INTO `workshop_comments` (`id`, `workshop_id`, `user_id`, `created_at`, `txt`) VALUES ('239', '39', '39', '2004-08-08 08:11:07', NULL);
INSERT INTO `workshop_comments` (`id`, `workshop_id`, `user_id`, `created_at`, `txt`) VALUES ('240', '40', '40', '2020-11-02 20:44:13', NULL);
INSERT INTO `workshop_comments` (`id`, `workshop_id`, `user_id`, `created_at`, `txt`) VALUES ('241', '41', '41', '1994-01-25 00:29:03', NULL);
INSERT INTO `workshop_comments` (`id`, `workshop_id`, `user_id`, `created_at`, `txt`) VALUES ('242', '42', '42', '2006-09-19 14:19:23', NULL);
INSERT INTO `workshop_comments` (`id`, `workshop_id`, `user_id`, `created_at`, `txt`) VALUES ('243', '43', '43', '2008-02-15 18:37:43', NULL);
INSERT INTO `workshop_comments` (`id`, `workshop_id`, `user_id`, `created_at`, `txt`) VALUES ('244', '44', '44', '1980-11-26 02:31:04', NULL);
INSERT INTO `workshop_comments` (`id`, `workshop_id`, `user_id`, `created_at`, `txt`) VALUES ('245', '45', '45', '2002-11-30 21:50:12', NULL);
INSERT INTO `workshop_comments` (`id`, `workshop_id`, `user_id`, `created_at`, `txt`) VALUES ('246', '46', '46', '1982-06-07 06:06:24', NULL);
INSERT INTO `workshop_comments` (`id`, `workshop_id`, `user_id`, `created_at`, `txt`) VALUES ('247', '47', '47', '1997-03-19 11:25:34', NULL);
INSERT INTO `workshop_comments` (`id`, `workshop_id`, `user_id`, `created_at`, `txt`) VALUES ('248', '48', '48', '2019-02-09 00:47:17', NULL);
INSERT INTO `workshop_comments` (`id`, `workshop_id`, `user_id`, `created_at`, `txt`) VALUES ('249', '49', '49', '2008-08-26 04:58:46', NULL);
INSERT INTO `workshop_comments` (`id`, `workshop_id`, `user_id`, `created_at`, `txt`) VALUES ('250', '50', '50', '1978-10-22 11:20:37', NULL);
INSERT INTO `workshop_comments` (`id`, `workshop_id`, `user_id`, `created_at`, `txt`) VALUES ('251', '51', '51', '2009-05-09 07:45:31', NULL);
INSERT INTO `workshop_comments` (`id`, `workshop_id`, `user_id`, `created_at`, `txt`) VALUES ('252', '52', '52', '2009-07-20 23:20:12', NULL);
INSERT INTO `workshop_comments` (`id`, `workshop_id`, `user_id`, `created_at`, `txt`) VALUES ('253', '53', '53', '1975-11-16 18:55:17', NULL);
INSERT INTO `workshop_comments` (`id`, `workshop_id`, `user_id`, `created_at`, `txt`) VALUES ('254', '54', '54', '1985-01-19 10:05:08', NULL);
INSERT INTO `workshop_comments` (`id`, `workshop_id`, `user_id`, `created_at`, `txt`) VALUES ('255', '55', '55', '1979-10-12 15:30:39', NULL);
INSERT INTO `workshop_comments` (`id`, `workshop_id`, `user_id`, `created_at`, `txt`) VALUES ('256', '56', '56', '1974-02-17 02:24:57', NULL);
INSERT INTO `workshop_comments` (`id`, `workshop_id`, `user_id`, `created_at`, `txt`) VALUES ('257', '57', '57', '1976-05-18 20:39:43', NULL);
INSERT INTO `workshop_comments` (`id`, `workshop_id`, `user_id`, `created_at`, `txt`) VALUES ('258', '58', '58', '1990-08-18 16:07:15', NULL);
INSERT INTO `workshop_comments` (`id`, `workshop_id`, `user_id`, `created_at`, `txt`) VALUES ('259', '59', '59', '1984-03-04 20:36:57', NULL);
INSERT INTO `workshop_comments` (`id`, `workshop_id`, `user_id`, `created_at`, `txt`) VALUES ('260', '60', '60', '2014-11-08 14:57:53', NULL);
INSERT INTO `workshop_comments` (`id`, `workshop_id`, `user_id`, `created_at`, `txt`) VALUES ('261', '61', '61', '2017-05-10 17:10:44', NULL);
INSERT INTO `workshop_comments` (`id`, `workshop_id`, `user_id`, `created_at`, `txt`) VALUES ('262', '62', '62', '2019-04-10 06:13:33', NULL);
INSERT INTO `workshop_comments` (`id`, `workshop_id`, `user_id`, `created_at`, `txt`) VALUES ('263', '63', '63', '1982-03-07 21:05:40', NULL);
INSERT INTO `workshop_comments` (`id`, `workshop_id`, `user_id`, `created_at`, `txt`) VALUES ('264', '64', '64', '1991-01-13 02:40:31', NULL);
INSERT INTO `workshop_comments` (`id`, `workshop_id`, `user_id`, `created_at`, `txt`) VALUES ('265', '65', '65', '2003-06-23 12:00:31', NULL);
INSERT INTO `workshop_comments` (`id`, `workshop_id`, `user_id`, `created_at`, `txt`) VALUES ('266', '66', '66', '1974-08-31 03:36:19', NULL);
INSERT INTO `workshop_comments` (`id`, `workshop_id`, `user_id`, `created_at`, `txt`) VALUES ('267', '67', '67', '2018-05-16 15:19:02', NULL);
INSERT INTO `workshop_comments` (`id`, `workshop_id`, `user_id`, `created_at`, `txt`) VALUES ('268', '68', '68', '2014-10-10 10:59:13', NULL);
INSERT INTO `workshop_comments` (`id`, `workshop_id`, `user_id`, `created_at`, `txt`) VALUES ('269', '69', '69', '2003-09-25 14:58:21', NULL);
INSERT INTO `workshop_comments` (`id`, `workshop_id`, `user_id`, `created_at`, `txt`) VALUES ('270', '70', '70', '1990-05-06 21:01:33', NULL);
INSERT INTO `workshop_comments` (`id`, `workshop_id`, `user_id`, `created_at`, `txt`) VALUES ('271', '71', '71', '2019-04-10 08:16:41', NULL);
INSERT INTO `workshop_comments` (`id`, `workshop_id`, `user_id`, `created_at`, `txt`) VALUES ('272', '72', '72', '2001-12-03 01:27:35', NULL);
INSERT INTO `workshop_comments` (`id`, `workshop_id`, `user_id`, `created_at`, `txt`) VALUES ('273', '73', '73', '1994-09-10 23:15:13', NULL);
INSERT INTO `workshop_comments` (`id`, `workshop_id`, `user_id`, `created_at`, `txt`) VALUES ('274', '74', '74', '2002-02-15 13:13:02', NULL);
INSERT INTO `workshop_comments` (`id`, `workshop_id`, `user_id`, `created_at`, `txt`) VALUES ('275', '75', '75', '1986-11-09 11:49:38', NULL);
INSERT INTO `workshop_comments` (`id`, `workshop_id`, `user_id`, `created_at`, `txt`) VALUES ('276', '76', '76', '1984-05-24 16:04:29', NULL);
INSERT INTO `workshop_comments` (`id`, `workshop_id`, `user_id`, `created_at`, `txt`) VALUES ('277', '77', '77', '2000-02-25 15:02:57', NULL);
INSERT INTO `workshop_comments` (`id`, `workshop_id`, `user_id`, `created_at`, `txt`) VALUES ('278', '78', '78', '1992-04-08 05:04:37', NULL);
INSERT INTO `workshop_comments` (`id`, `workshop_id`, `user_id`, `created_at`, `txt`) VALUES ('279', '79', '79', '1988-07-16 23:27:51', NULL);
INSERT INTO `workshop_comments` (`id`, `workshop_id`, `user_id`, `created_at`, `txt`) VALUES ('280', '80', '80', '1974-01-20 13:57:39', NULL);
INSERT INTO `workshop_comments` (`id`, `workshop_id`, `user_id`, `created_at`, `txt`) VALUES ('281', '81', '81', '2002-07-05 10:32:09', NULL);
INSERT INTO `workshop_comments` (`id`, `workshop_id`, `user_id`, `created_at`, `txt`) VALUES ('282', '82', '82', '2009-04-20 23:48:21', NULL);
INSERT INTO `workshop_comments` (`id`, `workshop_id`, `user_id`, `created_at`, `txt`) VALUES ('283', '83', '83', '2006-04-12 22:27:06', NULL);
INSERT INTO `workshop_comments` (`id`, `workshop_id`, `user_id`, `created_at`, `txt`) VALUES ('284', '84', '84', '1997-08-25 10:09:26', NULL);
INSERT INTO `workshop_comments` (`id`, `workshop_id`, `user_id`, `created_at`, `txt`) VALUES ('285', '85', '85', '1981-11-21 17:42:43', NULL);
INSERT INTO `workshop_comments` (`id`, `workshop_id`, `user_id`, `created_at`, `txt`) VALUES ('286', '86', '86', '2018-07-22 22:47:40', NULL);
INSERT INTO `workshop_comments` (`id`, `workshop_id`, `user_id`, `created_at`, `txt`) VALUES ('287', '87', '87', '2004-12-24 21:22:09', NULL);
INSERT INTO `workshop_comments` (`id`, `workshop_id`, `user_id`, `created_at`, `txt`) VALUES ('288', '88', '88', '2001-08-23 06:49:42', NULL);
INSERT INTO `workshop_comments` (`id`, `workshop_id`, `user_id`, `created_at`, `txt`) VALUES ('289', '89', '89', '1982-04-15 10:23:27', NULL);
INSERT INTO `workshop_comments` (`id`, `workshop_id`, `user_id`, `created_at`, `txt`) VALUES ('290', '90', '90', '1980-03-25 21:23:41', NULL);
INSERT INTO `workshop_comments` (`id`, `workshop_id`, `user_id`, `created_at`, `txt`) VALUES ('291', '91', '91', '1975-08-14 02:37:27', NULL);
INSERT INTO `workshop_comments` (`id`, `workshop_id`, `user_id`, `created_at`, `txt`) VALUES ('292', '92', '92', '1998-07-22 09:31:32', NULL);
INSERT INTO `workshop_comments` (`id`, `workshop_id`, `user_id`, `created_at`, `txt`) VALUES ('293', '93', '93', '2016-04-26 12:58:34', NULL);
INSERT INTO `workshop_comments` (`id`, `workshop_id`, `user_id`, `created_at`, `txt`) VALUES ('294', '94', '94', '2010-10-23 19:43:23', NULL);
INSERT INTO `workshop_comments` (`id`, `workshop_id`, `user_id`, `created_at`, `txt`) VALUES ('295', '95', '95', '1980-02-06 09:38:01', NULL);
INSERT INTO `workshop_comments` (`id`, `workshop_id`, `user_id`, `created_at`, `txt`) VALUES ('296', '96', '96', '1979-08-26 19:58:42', NULL);
INSERT INTO `workshop_comments` (`id`, `workshop_id`, `user_id`, `created_at`, `txt`) VALUES ('297', '97', '97', '1973-03-23 14:25:36', NULL);
INSERT INTO `workshop_comments` (`id`, `workshop_id`, `user_id`, `created_at`, `txt`) VALUES ('298', '98', '98', '2005-06-15 21:17:59', NULL);
INSERT INTO `workshop_comments` (`id`, `workshop_id`, `user_id`, `created_at`, `txt`) VALUES ('299', '99', '99', '2008-09-07 01:57:48', NULL);
INSERT INTO `workshop_comments` (`id`, `workshop_id`, `user_id`, `created_at`, `txt`) VALUES ('300', '100', '100', '1970-01-26 09:09:06', NULL);
INSERT INTO `workshop_comments` (`id`, `workshop_id`, `user_id`, `created_at`, `txt`) VALUES ('301', '1', '1', '2014-09-01 04:52:50', NULL);
INSERT INTO `workshop_comments` (`id`, `workshop_id`, `user_id`, `created_at`, `txt`) VALUES ('302', '2', '2', '2020-09-04 19:01:07', NULL);
INSERT INTO `workshop_comments` (`id`, `workshop_id`, `user_id`, `created_at`, `txt`) VALUES ('303', '3', '3', '2001-12-17 17:46:19', NULL);
INSERT INTO `workshop_comments` (`id`, `workshop_id`, `user_id`, `created_at`, `txt`) VALUES ('304', '4', '4', '1994-07-31 11:41:47', NULL);
INSERT INTO `workshop_comments` (`id`, `workshop_id`, `user_id`, `created_at`, `txt`) VALUES ('305', '5', '5', '2002-06-16 05:10:01', NULL);
INSERT INTO `workshop_comments` (`id`, `workshop_id`, `user_id`, `created_at`, `txt`) VALUES ('306', '6', '6', '1985-10-26 07:50:09', NULL);
INSERT INTO `workshop_comments` (`id`, `workshop_id`, `user_id`, `created_at`, `txt`) VALUES ('307', '7', '7', '1978-02-14 20:30:15', NULL);
INSERT INTO `workshop_comments` (`id`, `workshop_id`, `user_id`, `created_at`, `txt`) VALUES ('308', '8', '8', '2009-09-18 10:14:59', NULL);
INSERT INTO `workshop_comments` (`id`, `workshop_id`, `user_id`, `created_at`, `txt`) VALUES ('309', '9', '9', '1990-06-15 09:02:45', NULL);
INSERT INTO `workshop_comments` (`id`, `workshop_id`, `user_id`, `created_at`, `txt`) VALUES ('310', '10', '10', '2020-07-16 00:35:36', NULL);
INSERT INTO `workshop_comments` (`id`, `workshop_id`, `user_id`, `created_at`, `txt`) VALUES ('311', '11', '11', '1980-03-24 21:32:14', NULL);
INSERT INTO `workshop_comments` (`id`, `workshop_id`, `user_id`, `created_at`, `txt`) VALUES ('312', '12', '12', '1978-02-02 00:48:27', NULL);
INSERT INTO `workshop_comments` (`id`, `workshop_id`, `user_id`, `created_at`, `txt`) VALUES ('313', '13', '13', '2015-01-23 23:38:26', NULL);
INSERT INTO `workshop_comments` (`id`, `workshop_id`, `user_id`, `created_at`, `txt`) VALUES ('314', '14', '14', '1981-11-17 14:56:28', NULL);
INSERT INTO `workshop_comments` (`id`, `workshop_id`, `user_id`, `created_at`, `txt`) VALUES ('315', '15', '15', '1993-11-24 14:32:11', NULL);
INSERT INTO `workshop_comments` (`id`, `workshop_id`, `user_id`, `created_at`, `txt`) VALUES ('316', '16', '16', '2003-02-27 00:06:57', NULL);
INSERT INTO `workshop_comments` (`id`, `workshop_id`, `user_id`, `created_at`, `txt`) VALUES ('317', '17', '17', '1970-02-11 08:07:15', NULL);
INSERT INTO `workshop_comments` (`id`, `workshop_id`, `user_id`, `created_at`, `txt`) VALUES ('318', '18', '18', '1996-03-10 21:12:03', NULL);
INSERT INTO `workshop_comments` (`id`, `workshop_id`, `user_id`, `created_at`, `txt`) VALUES ('319', '19', '19', '1982-11-14 16:06:52', NULL);
INSERT INTO `workshop_comments` (`id`, `workshop_id`, `user_id`, `created_at`, `txt`) VALUES ('320', '20', '20', '2019-10-11 14:30:33', NULL);
INSERT INTO `workshop_comments` (`id`, `workshop_id`, `user_id`, `created_at`, `txt`) VALUES ('321', '21', '21', '1978-03-09 19:49:22', NULL);
INSERT INTO `workshop_comments` (`id`, `workshop_id`, `user_id`, `created_at`, `txt`) VALUES ('322', '22', '22', '2012-01-26 16:31:45', NULL);
INSERT INTO `workshop_comments` (`id`, `workshop_id`, `user_id`, `created_at`, `txt`) VALUES ('323', '23', '23', '1991-12-19 08:13:54', NULL);
INSERT INTO `workshop_comments` (`id`, `workshop_id`, `user_id`, `created_at`, `txt`) VALUES ('324', '24', '24', '2000-03-31 20:27:25', NULL);
INSERT INTO `workshop_comments` (`id`, `workshop_id`, `user_id`, `created_at`, `txt`) VALUES ('325', '25', '25', '2009-04-15 06:06:47', NULL);
INSERT INTO `workshop_comments` (`id`, `workshop_id`, `user_id`, `created_at`, `txt`) VALUES ('326', '26', '26', '2015-07-19 01:33:12', NULL);
INSERT INTO `workshop_comments` (`id`, `workshop_id`, `user_id`, `created_at`, `txt`) VALUES ('327', '27', '27', '2011-05-10 06:13:35', NULL);
INSERT INTO `workshop_comments` (`id`, `workshop_id`, `user_id`, `created_at`, `txt`) VALUES ('328', '28', '28', '1978-02-22 12:01:38', NULL);
INSERT INTO `workshop_comments` (`id`, `workshop_id`, `user_id`, `created_at`, `txt`) VALUES ('329', '29', '29', '2002-01-30 00:55:34', NULL);
INSERT INTO `workshop_comments` (`id`, `workshop_id`, `user_id`, `created_at`, `txt`) VALUES ('330', '30', '30', '2019-09-01 02:27:43', NULL);
INSERT INTO `workshop_comments` (`id`, `workshop_id`, `user_id`, `created_at`, `txt`) VALUES ('331', '31', '31', '1972-05-23 12:26:27', NULL);
INSERT INTO `workshop_comments` (`id`, `workshop_id`, `user_id`, `created_at`, `txt`) VALUES ('332', '32', '32', '1976-12-15 16:24:21', NULL);
INSERT INTO `workshop_comments` (`id`, `workshop_id`, `user_id`, `created_at`, `txt`) VALUES ('333', '33', '33', '2011-01-18 13:30:07', NULL);
INSERT INTO `workshop_comments` (`id`, `workshop_id`, `user_id`, `created_at`, `txt`) VALUES ('334', '34', '34', '2013-10-15 12:39:20', NULL);
INSERT INTO `workshop_comments` (`id`, `workshop_id`, `user_id`, `created_at`, `txt`) VALUES ('335', '35', '35', '2017-09-01 08:10:56', NULL);
INSERT INTO `workshop_comments` (`id`, `workshop_id`, `user_id`, `created_at`, `txt`) VALUES ('336', '36', '36', '2007-05-28 19:57:28', NULL);
INSERT INTO `workshop_comments` (`id`, `workshop_id`, `user_id`, `created_at`, `txt`) VALUES ('337', '37', '37', '2010-01-25 11:31:42', NULL);
INSERT INTO `workshop_comments` (`id`, `workshop_id`, `user_id`, `created_at`, `txt`) VALUES ('338', '38', '38', '2008-06-25 09:36:30', NULL);
INSERT INTO `workshop_comments` (`id`, `workshop_id`, `user_id`, `created_at`, `txt`) VALUES ('339', '39', '39', '1974-12-19 01:21:57', NULL);
INSERT INTO `workshop_comments` (`id`, `workshop_id`, `user_id`, `created_at`, `txt`) VALUES ('340', '40', '40', '1977-06-16 11:31:49', NULL);
INSERT INTO `workshop_comments` (`id`, `workshop_id`, `user_id`, `created_at`, `txt`) VALUES ('341', '41', '41', '1991-11-02 06:39:08', NULL);
INSERT INTO `workshop_comments` (`id`, `workshop_id`, `user_id`, `created_at`, `txt`) VALUES ('342', '42', '42', '1976-03-07 03:17:48', NULL);
INSERT INTO `workshop_comments` (`id`, `workshop_id`, `user_id`, `created_at`, `txt`) VALUES ('343', '43', '43', '1971-06-11 14:45:11', NULL);
INSERT INTO `workshop_comments` (`id`, `workshop_id`, `user_id`, `created_at`, `txt`) VALUES ('344', '44', '44', '2017-01-15 15:34:48', NULL);
INSERT INTO `workshop_comments` (`id`, `workshop_id`, `user_id`, `created_at`, `txt`) VALUES ('345', '45', '45', '2015-04-18 02:27:44', NULL);
INSERT INTO `workshop_comments` (`id`, `workshop_id`, `user_id`, `created_at`, `txt`) VALUES ('346', '46', '46', '2015-08-28 02:13:33', NULL);
INSERT INTO `workshop_comments` (`id`, `workshop_id`, `user_id`, `created_at`, `txt`) VALUES ('347', '47', '47', '1974-12-08 22:38:32', NULL);
INSERT INTO `workshop_comments` (`id`, `workshop_id`, `user_id`, `created_at`, `txt`) VALUES ('348', '48', '48', '2012-12-06 22:43:02', NULL);
INSERT INTO `workshop_comments` (`id`, `workshop_id`, `user_id`, `created_at`, `txt`) VALUES ('349', '49', '49', '1970-06-27 20:54:39', NULL);
INSERT INTO `workshop_comments` (`id`, `workshop_id`, `user_id`, `created_at`, `txt`) VALUES ('350', '50', '50', '1978-03-30 06:48:12', NULL);
INSERT INTO `workshop_comments` (`id`, `workshop_id`, `user_id`, `created_at`, `txt`) VALUES ('351', '51', '51', '1972-07-31 22:44:37', NULL);
INSERT INTO `workshop_comments` (`id`, `workshop_id`, `user_id`, `created_at`, `txt`) VALUES ('352', '52', '52', '1992-02-18 03:38:16', NULL);
INSERT INTO `workshop_comments` (`id`, `workshop_id`, `user_id`, `created_at`, `txt`) VALUES ('353', '53', '53', '1989-11-07 18:47:15', NULL);
INSERT INTO `workshop_comments` (`id`, `workshop_id`, `user_id`, `created_at`, `txt`) VALUES ('354', '54', '54', '2005-11-07 07:28:55', NULL);
INSERT INTO `workshop_comments` (`id`, `workshop_id`, `user_id`, `created_at`, `txt`) VALUES ('355', '55', '55', '2000-12-04 06:48:56', NULL);
INSERT INTO `workshop_comments` (`id`, `workshop_id`, `user_id`, `created_at`, `txt`) VALUES ('356', '56', '56', '1997-08-26 21:48:39', NULL);
INSERT INTO `workshop_comments` (`id`, `workshop_id`, `user_id`, `created_at`, `txt`) VALUES ('357', '57', '57', '1980-10-02 07:33:25', NULL);
INSERT INTO `workshop_comments` (`id`, `workshop_id`, `user_id`, `created_at`, `txt`) VALUES ('358', '58', '58', '2020-07-11 15:53:07', NULL);
INSERT INTO `workshop_comments` (`id`, `workshop_id`, `user_id`, `created_at`, `txt`) VALUES ('359', '59', '59', '1995-11-20 21:20:14', NULL);
INSERT INTO `workshop_comments` (`id`, `workshop_id`, `user_id`, `created_at`, `txt`) VALUES ('360', '60', '60', '1984-06-15 07:34:44', NULL);
INSERT INTO `workshop_comments` (`id`, `workshop_id`, `user_id`, `created_at`, `txt`) VALUES ('361', '61', '61', '1991-05-17 02:25:33', NULL);
INSERT INTO `workshop_comments` (`id`, `workshop_id`, `user_id`, `created_at`, `txt`) VALUES ('362', '62', '62', '1980-05-20 23:32:15', NULL);
INSERT INTO `workshop_comments` (`id`, `workshop_id`, `user_id`, `created_at`, `txt`) VALUES ('363', '63', '63', '2003-11-29 00:40:56', NULL);
INSERT INTO `workshop_comments` (`id`, `workshop_id`, `user_id`, `created_at`, `txt`) VALUES ('364', '64', '64', '1973-11-19 14:08:41', NULL);
INSERT INTO `workshop_comments` (`id`, `workshop_id`, `user_id`, `created_at`, `txt`) VALUES ('365', '65', '65', '2000-11-15 21:02:12', NULL);
INSERT INTO `workshop_comments` (`id`, `workshop_id`, `user_id`, `created_at`, `txt`) VALUES ('366', '66', '66', '2002-05-17 00:59:40', NULL);
INSERT INTO `workshop_comments` (`id`, `workshop_id`, `user_id`, `created_at`, `txt`) VALUES ('367', '67', '67', '1978-11-03 23:34:40', NULL);
INSERT INTO `workshop_comments` (`id`, `workshop_id`, `user_id`, `created_at`, `txt`) VALUES ('368', '68', '68', '1990-12-18 14:15:44', NULL);
INSERT INTO `workshop_comments` (`id`, `workshop_id`, `user_id`, `created_at`, `txt`) VALUES ('369', '69', '69', '2018-09-27 00:28:49', NULL);
INSERT INTO `workshop_comments` (`id`, `workshop_id`, `user_id`, `created_at`, `txt`) VALUES ('370', '70', '70', '2020-04-14 03:48:48', NULL);
INSERT INTO `workshop_comments` (`id`, `workshop_id`, `user_id`, `created_at`, `txt`) VALUES ('371', '71', '71', '2015-07-14 19:05:36', NULL);
INSERT INTO `workshop_comments` (`id`, `workshop_id`, `user_id`, `created_at`, `txt`) VALUES ('372', '72', '72', '2009-11-04 02:23:24', NULL);
INSERT INTO `workshop_comments` (`id`, `workshop_id`, `user_id`, `created_at`, `txt`) VALUES ('373', '73', '73', '2007-10-04 00:13:01', NULL);
INSERT INTO `workshop_comments` (`id`, `workshop_id`, `user_id`, `created_at`, `txt`) VALUES ('374', '74', '74', '1975-03-15 07:26:34', NULL);
INSERT INTO `workshop_comments` (`id`, `workshop_id`, `user_id`, `created_at`, `txt`) VALUES ('375', '75', '75', '1995-02-18 07:13:43', NULL);
INSERT INTO `workshop_comments` (`id`, `workshop_id`, `user_id`, `created_at`, `txt`) VALUES ('376', '76', '76', '1980-11-23 14:43:40', NULL);
INSERT INTO `workshop_comments` (`id`, `workshop_id`, `user_id`, `created_at`, `txt`) VALUES ('377', '77', '77', '1983-08-13 14:00:27', NULL);
INSERT INTO `workshop_comments` (`id`, `workshop_id`, `user_id`, `created_at`, `txt`) VALUES ('378', '78', '78', '2008-07-29 15:56:24', NULL);
INSERT INTO `workshop_comments` (`id`, `workshop_id`, `user_id`, `created_at`, `txt`) VALUES ('379', '79', '79', '2008-04-10 12:49:29', NULL);
INSERT INTO `workshop_comments` (`id`, `workshop_id`, `user_id`, `created_at`, `txt`) VALUES ('380', '80', '80', '2014-09-28 04:41:55', NULL);
INSERT INTO `workshop_comments` (`id`, `workshop_id`, `user_id`, `created_at`, `txt`) VALUES ('381', '81', '81', '2016-04-28 02:34:06', NULL);
INSERT INTO `workshop_comments` (`id`, `workshop_id`, `user_id`, `created_at`, `txt`) VALUES ('382', '82', '82', '1991-12-28 12:16:29', NULL);
INSERT INTO `workshop_comments` (`id`, `workshop_id`, `user_id`, `created_at`, `txt`) VALUES ('383', '83', '83', '1997-08-18 08:11:12', NULL);
INSERT INTO `workshop_comments` (`id`, `workshop_id`, `user_id`, `created_at`, `txt`) VALUES ('384', '84', '84', '2005-03-03 12:55:02', NULL);
INSERT INTO `workshop_comments` (`id`, `workshop_id`, `user_id`, `created_at`, `txt`) VALUES ('385', '85', '85', '1984-06-28 23:37:00', NULL);
INSERT INTO `workshop_comments` (`id`, `workshop_id`, `user_id`, `created_at`, `txt`) VALUES ('386', '86', '86', '1989-06-01 18:35:29', NULL);
INSERT INTO `workshop_comments` (`id`, `workshop_id`, `user_id`, `created_at`, `txt`) VALUES ('387', '87', '87', '2018-08-09 03:26:45', NULL);
INSERT INTO `workshop_comments` (`id`, `workshop_id`, `user_id`, `created_at`, `txt`) VALUES ('388', '88', '88', '1976-01-25 17:58:57', NULL);
INSERT INTO `workshop_comments` (`id`, `workshop_id`, `user_id`, `created_at`, `txt`) VALUES ('389', '89', '89', '1977-03-03 22:14:32', NULL);
INSERT INTO `workshop_comments` (`id`, `workshop_id`, `user_id`, `created_at`, `txt`) VALUES ('390', '90', '90', '1975-08-12 01:31:03', NULL);
INSERT INTO `workshop_comments` (`id`, `workshop_id`, `user_id`, `created_at`, `txt`) VALUES ('391', '91', '91', '2019-05-15 08:39:02', NULL);
INSERT INTO `workshop_comments` (`id`, `workshop_id`, `user_id`, `created_at`, `txt`) VALUES ('392', '92', '92', '1973-01-09 18:02:00', NULL);
INSERT INTO `workshop_comments` (`id`, `workshop_id`, `user_id`, `created_at`, `txt`) VALUES ('393', '93', '93', '2002-12-14 21:34:47', NULL);
INSERT INTO `workshop_comments` (`id`, `workshop_id`, `user_id`, `created_at`, `txt`) VALUES ('394', '94', '94', '2013-08-29 06:09:33', NULL);
INSERT INTO `workshop_comments` (`id`, `workshop_id`, `user_id`, `created_at`, `txt`) VALUES ('395', '95', '95', '1989-09-15 02:45:28', NULL);
INSERT INTO `workshop_comments` (`id`, `workshop_id`, `user_id`, `created_at`, `txt`) VALUES ('396', '96', '96', '2008-08-06 11:03:55', NULL);
INSERT INTO `workshop_comments` (`id`, `workshop_id`, `user_id`, `created_at`, `txt`) VALUES ('397', '97', '97', '1992-01-21 08:24:52', NULL);
INSERT INTO `workshop_comments` (`id`, `workshop_id`, `user_id`, `created_at`, `txt`) VALUES ('398', '98', '98', '2001-07-23 12:54:07', NULL);
INSERT INTO `workshop_comments` (`id`, `workshop_id`, `user_id`, `created_at`, `txt`) VALUES ('399', '99', '99', '1980-06-25 20:38:06', NULL);
INSERT INTO `workshop_comments` (`id`, `workshop_id`, `user_id`, `created_at`, `txt`) VALUES ('400', '100', '100', '1982-02-13 07:13:02', NULL);


INSERT INTO `media` (`id`, `user_id`, `media_types_id`, `file_name`, `file_size`, `created_at`) VALUES ('1', '1', 1, 'neque', '9565244', '2015-09-05 23:29:55');
INSERT INTO `media` (`id`, `user_id`, `media_types_id`, `file_name`, `file_size`, `created_at`) VALUES ('2', '2', 2, 'vel', '1456', '1982-04-05 20:50:25');
INSERT INTO `media` (`id`, `user_id`, `media_types_id`, `file_name`, `file_size`, `created_at`) VALUES ('3', '3', 3, 'aspernatur', '5552624', '1985-04-04 03:48:51');
INSERT INTO `media` (`id`, `user_id`, `media_types_id`, `file_name`, `file_size`, `created_at`) VALUES ('4', '4', 4, 'labore', '734', '1981-04-08 12:39:03');
INSERT INTO `media` (`id`, `user_id`, `media_types_id`, `file_name`, `file_size`, `created_at`) VALUES ('5', '5', 1, 'quaerat', '6215356', '2016-08-07 09:16:14');
INSERT INTO `media` (`id`, `user_id`, `media_types_id`, `file_name`, `file_size`, `created_at`) VALUES ('6', '6', 2, 'magni', '0', '2020-03-05 21:44:18');
INSERT INTO `media` (`id`, `user_id`, `media_types_id`, `file_name`, `file_size`, `created_at`) VALUES ('7', '7', 3, 'hic', '269646', '1993-09-10 20:50:44');
INSERT INTO `media` (`id`, `user_id`, `media_types_id`, `file_name`, `file_size`, `created_at`) VALUES ('8', '8', 4, 'consequuntur', '0', '1972-04-08 01:35:41');
INSERT INTO `media` (`id`, `user_id`, `media_types_id`, `file_name`, `file_size`, `created_at`) VALUES ('9', '9', 1, 'et', '8', '1971-04-06 08:33:35');
INSERT INTO `media` (`id`, `user_id`, `media_types_id`, `file_name`, `file_size`, `created_at`) VALUES ('10', '10', 2, 'voluptatem', '914', '1977-09-17 15:34:30');
INSERT INTO `media` (`id`, `user_id`, `media_types_id`, `file_name`, `file_size`, `created_at`) VALUES ('11', '11', 3, 'architecto', '0', '1991-08-03 20:51:02');
INSERT INTO `media` (`id`, `user_id`, `media_types_id`, `file_name`, `file_size`, `created_at`) VALUES ('12', '12', 4, 'ea', '673', '2009-02-08 07:41:03');
INSERT INTO `media` (`id`, `user_id`, `media_types_id`, `file_name`, `file_size`, `created_at`) VALUES ('13', '13', 1, 'at', '36155', '2019-12-06 17:43:18');
INSERT INTO `media` (`id`, `user_id`, `media_types_id`, `file_name`, `file_size`, `created_at`) VALUES ('14', '14', 2, 'ut', '0', '1978-12-29 14:08:14');
INSERT INTO `media` (`id`, `user_id`, `media_types_id`, `file_name`, `file_size`, `created_at`) VALUES ('15', '15', 3, 'odio', '6', '1981-12-17 18:04:40');
INSERT INTO `media` (`id`, `user_id`, `media_types_id`, `file_name`, `file_size`, `created_at`) VALUES ('16', '16', 4, 'rerum', '0', '1986-04-04 07:43:38');
INSERT INTO `media` (`id`, `user_id`, `media_types_id`, `file_name`, `file_size`, `created_at`) VALUES ('17', '17', 1, 'nostrum', '6', '2001-03-10 01:18:52');
INSERT INTO `media` (`id`, `user_id`, `media_types_id`, `file_name`, `file_size`, `created_at`) VALUES ('18', '18', 2, 'voluptatem', '59035821', '2000-07-31 02:55:13');
INSERT INTO `media` (`id`, `user_id`, `media_types_id`, `file_name`, `file_size`, `created_at`) VALUES ('19', '19', 3, 'vel', '599800', '1970-08-18 17:02:41');
INSERT INTO `media` (`id`, `user_id`, `media_types_id`, `file_name`, `file_size`, `created_at`) VALUES ('20', '20', 4, 'libero', '0', '1972-01-07 17:57:33');
INSERT INTO `media` (`id`, `user_id`, `media_types_id`, `file_name`, `file_size`, `created_at`) VALUES ('21', '21', 1, 'rerum', '0', '2014-07-21 19:32:00');
INSERT INTO `media` (`id`, `user_id`, `media_types_id`, `file_name`, `file_size`, `created_at`) VALUES ('22', '22', 2, 'est', '1298', '1993-03-28 07:00:46');
INSERT INTO `media` (`id`, `user_id`, `media_types_id`, `file_name`, `file_size`, `created_at`) VALUES ('23', '23', 3, 'consectetur', '6936', '2019-06-18 18:23:21');
INSERT INTO `media` (`id`, `user_id`, `media_types_id`, `file_name`, `file_size`, `created_at`) VALUES ('24', '24', 4, 'esse', '58', '1999-05-26 06:58:56');
INSERT INTO `media` (`id`, `user_id`, `media_types_id`, `file_name`, `file_size`, `created_at`) VALUES ('25', '25', 1, 'et', '42615078', '2003-06-10 11:08:50');
INSERT INTO `media` (`id`, `user_id`, `media_types_id`, `file_name`, `file_size`, `created_at`) VALUES ('26', '26', 2, 'eveniet', '315919', '2021-04-02 09:08:15');
INSERT INTO `media` (`id`, `user_id`, `media_types_id`, `file_name`, `file_size`, `created_at`) VALUES ('27', '27', 3, 'qui', '1', '2018-12-11 08:50:45');
INSERT INTO `media` (`id`, `user_id`, `media_types_id`, `file_name`, `file_size`, `created_at`) VALUES ('28', '28', 4, 'veniam', '61', '1990-11-30 21:00:25');
INSERT INTO `media` (`id`, `user_id`, `media_types_id`, `file_name`, `file_size`, `created_at`) VALUES ('29', '29', 1, 'molestiae', '4607', '1991-09-14 14:27:23');
INSERT INTO `media` (`id`, `user_id`, `media_types_id`, `file_name`, `file_size`, `created_at`) VALUES ('30', '30', 2, 'deleniti', '7717', '2006-11-21 06:33:15');
INSERT INTO `media` (`id`, `user_id`, `media_types_id`, `file_name`, `file_size`, `created_at`) VALUES ('31', '31', 3, 'qui', '785640123', '2003-07-14 09:55:48');
INSERT INTO `media` (`id`, `user_id`, `media_types_id`, `file_name`, `file_size`, `created_at`) VALUES ('32', '32', 4, 'voluptas', '354807517', '1977-10-07 11:52:22');
INSERT INTO `media` (`id`, `user_id`, `media_types_id`, `file_name`, `file_size`, `created_at`) VALUES ('33', '33', 1, 'recusandae', '6262', '1975-07-05 21:53:07');
INSERT INTO `media` (`id`, `user_id`, `media_types_id`, `file_name`, `file_size`, `created_at`) VALUES ('34', '34', 2, 'perferendis', '83654', '2016-08-14 08:12:04');
INSERT INTO `media` (`id`, `user_id`, `media_types_id`, `file_name`, `file_size`, `created_at`) VALUES ('35', '35', 3, 'enim', '90', '1992-04-12 07:24:53');
INSERT INTO `media` (`id`, `user_id`, `media_types_id`, `file_name`, `file_size`, `created_at`) VALUES ('36', '36', 4, 'et', '8324289', '1990-06-29 10:39:14');
INSERT INTO `media` (`id`, `user_id`, `media_types_id`, `file_name`, `file_size`, `created_at`) VALUES ('37', '37', 1, 'id', '0', '2009-10-09 22:28:57');
INSERT INTO `media` (`id`, `user_id`, `media_types_id`, `file_name`, `file_size`, `created_at`) VALUES ('38', '38', 2, 'est', '4', '1979-08-03 00:47:23');
INSERT INTO `media` (`id`, `user_id`, `media_types_id`, `file_name`, `file_size`, `created_at`) VALUES ('39', '39', 3, 'aut', '7715343', '2015-07-29 12:03:50');
INSERT INTO `media` (`id`, `user_id`, `media_types_id`, `file_name`, `file_size`, `created_at`) VALUES ('40', '40', 4, 'laborum', '61344', '1992-01-25 13:31:47');
INSERT INTO `media` (`id`, `user_id`, `media_types_id`, `file_name`, `file_size`, `created_at`) VALUES ('41', '41', 1, 'id', '6220682', '2019-09-06 09:49:07');
INSERT INTO `media` (`id`, `user_id`, `media_types_id`, `file_name`, `file_size`, `created_at`) VALUES ('42', '42', 2, 'et', '6424', '1975-02-26 04:17:07');
INSERT INTO `media` (`id`, `user_id`, `media_types_id`, `file_name`, `file_size`, `created_at`) VALUES ('43', '43', 3, 'veniam', '0', '2006-07-12 10:00:59');
INSERT INTO `media` (`id`, `user_id`, `media_types_id`, `file_name`, `file_size`, `created_at`) VALUES ('44', '44', 4, 'perspiciatis', '0', '1992-04-28 23:19:21');
INSERT INTO `media` (`id`, `user_id`, `media_types_id`, `file_name`, `file_size`, `created_at`) VALUES ('45', '45', 1, 'in', '180917', '1975-12-12 00:25:25');
INSERT INTO `media` (`id`, `user_id`, `media_types_id`, `file_name`, `file_size`, `created_at`) VALUES ('46', '46', 2, 'asperiores', '38665609', '1980-03-20 17:56:22');
INSERT INTO `media` (`id`, `user_id`, `media_types_id`, `file_name`, `file_size`, `created_at`) VALUES ('47', '47', 3, 'et', '92910753', '2020-10-08 12:35:45');
INSERT INTO `media` (`id`, `user_id`, `media_types_id`, `file_name`, `file_size`, `created_at`) VALUES ('48', '48', 4, 'quae', '532777407', '2007-07-25 06:12:10');
INSERT INTO `media` (`id`, `user_id`, `media_types_id`, `file_name`, `file_size`, `created_at`) VALUES ('49', '49', 1, 'iste', '0', '2003-07-30 08:48:06');
INSERT INTO `media` (`id`, `user_id`, `media_types_id`, `file_name`, `file_size`, `created_at`) VALUES ('50', '50', 2, 'iste', '3', '2005-04-12 12:18:40');
INSERT INTO `media` (`id`, `user_id`, `media_types_id`, `file_name`, `file_size`, `created_at`) VALUES ('51', '51', 3, 'officiis', '4371', '2016-05-05 14:58:16');
INSERT INTO `media` (`id`, `user_id`, `media_types_id`, `file_name`, `file_size`, `created_at`) VALUES ('52', '52', 4, 'optio', '6', '1989-10-10 05:20:18');
INSERT INTO `media` (`id`, `user_id`, `media_types_id`, `file_name`, `file_size`, `created_at`) VALUES ('53', '53', 1, 'veniam', '0', '1996-07-17 09:05:39');
INSERT INTO `media` (`id`, `user_id`, `media_types_id`, `file_name`, `file_size`, `created_at`) VALUES ('54', '54', 2, 'quibusdam', '850', '1988-11-23 18:07:26');
INSERT INTO `media` (`id`, `user_id`, `media_types_id`, `file_name`, `file_size`, `created_at`) VALUES ('55', '55', 3, 'architecto', '8', '1970-02-05 09:15:13');
INSERT INTO `media` (`id`, `user_id`, `media_types_id`, `file_name`, `file_size`, `created_at`) VALUES ('56', '56', 4, 'dolore', '186161', '1997-04-01 02:30:54');
INSERT INTO `media` (`id`, `user_id`, `media_types_id`, `file_name`, `file_size`, `created_at`) VALUES ('57', '57', 1, 'et', '77509', '2016-02-21 17:01:43');
INSERT INTO `media` (`id`, `user_id`, `media_types_id`, `file_name`, `file_size`, `created_at`) VALUES ('58', '58', 2, 'reiciendis', '36571', '2002-09-04 17:44:18');
INSERT INTO `media` (`id`, `user_id`, `media_types_id`, `file_name`, `file_size`, `created_at`) VALUES ('59', '59', 3, 'quis', '379172019', '1970-02-06 14:16:36');
INSERT INTO `media` (`id`, `user_id`, `media_types_id`, `file_name`, `file_size`, `created_at`) VALUES ('60', '60', 4, 'ut', '151572', '1990-02-22 21:15:06');
INSERT INTO `media` (`id`, `user_id`, `media_types_id`, `file_name`, `file_size`, `created_at`) VALUES ('61', '61', 1, 'soluta', '9757048', '1991-05-07 00:32:11');
INSERT INTO `media` (`id`, `user_id`, `media_types_id`, `file_name`, `file_size`, `created_at`) VALUES ('62', '62', 2, 'voluptate', '7027197', '2009-03-22 22:13:30');
INSERT INTO `media` (`id`, `user_id`, `media_types_id`, `file_name`, `file_size`, `created_at`) VALUES ('63', '63', 3, 'asperiores', '679852', '2011-06-08 12:59:39');
INSERT INTO `media` (`id`, `user_id`, `media_types_id`, `file_name`, `file_size`, `created_at`) VALUES ('64', '64', 4, 'ea', '57597', '2007-10-21 16:24:23');
INSERT INTO `media` (`id`, `user_id`, `media_types_id`, `file_name`, `file_size`, `created_at`) VALUES ('65', '65', 1, 'facere', '908', '1974-09-22 08:27:14');
INSERT INTO `media` (`id`, `user_id`, `media_types_id`, `file_name`, `file_size`, `created_at`) VALUES ('66', '66', 2, 'repellat', '71759', '1987-04-11 06:29:44');
INSERT INTO `media` (`id`, `user_id`, `media_types_id`, `file_name`, `file_size`, `created_at`) VALUES ('67', '67', 3, 'esse', '589870', '1989-07-02 21:36:58');
INSERT INTO `media` (`id`, `user_id`, `media_types_id`, `file_name`, `file_size`, `created_at`) VALUES ('68', '68', 4, 'sit', '14', '2021-01-26 14:30:09');
INSERT INTO `media` (`id`, `user_id`, `media_types_id`, `file_name`, `file_size`, `created_at`) VALUES ('69', '69', 1, 'ducimus', '576357104', '1989-08-11 13:04:09');
INSERT INTO `media` (`id`, `user_id`, `media_types_id`, `file_name`, `file_size`, `created_at`) VALUES ('70', '70', 2, 'a', '989382', '2011-07-18 01:16:00');
INSERT INTO `media` (`id`, `user_id`, `media_types_id`, `file_name`, `file_size`, `created_at`) VALUES ('71', '71', 3, 'molestiae', '7674', '1990-08-05 19:48:03');
INSERT INTO `media` (`id`, `user_id`, `media_types_id`, `file_name`, `file_size`, `created_at`) VALUES ('72', '72', 4, 'impedit', '69471248', '2008-10-26 09:09:11');
INSERT INTO `media` (`id`, `user_id`, `media_types_id`, `file_name`, `file_size`, `created_at`) VALUES ('73', '73', 1, 'nihil', '5230', '2020-11-12 05:09:20');
INSERT INTO `media` (`id`, `user_id`, `media_types_id`, `file_name`, `file_size`, `created_at`) VALUES ('74', '74', 2, 'suscipit', '70572', '1982-10-17 15:53:55');
INSERT INTO `media` (`id`, `user_id`, `media_types_id`, `file_name`, `file_size`, `created_at`) VALUES ('75', '75', 3, 'ut', '687294500', '2010-08-15 06:15:17');
INSERT INTO `media` (`id`, `user_id`, `media_types_id`, `file_name`, `file_size`, `created_at`) VALUES ('76', '76', 4, 'officia', '0', '2011-04-24 20:58:53');
INSERT INTO `media` (`id`, `user_id`, `media_types_id`, `file_name`, `file_size`, `created_at`) VALUES ('77', '77', 1, 'veniam', '0', '1994-09-21 03:18:43');
INSERT INTO `media` (`id`, `user_id`, `media_types_id`, `file_name`, `file_size`, `created_at`) VALUES ('78', '78', 2, 'quibusdam', '1', '1983-11-10 04:46:39');
INSERT INTO `media` (`id`, `user_id`, `media_types_id`, `file_name`, `file_size`, `created_at`) VALUES ('79', '79', 3, 'tempora', '56', '1973-04-11 17:29:48');
INSERT INTO `media` (`id`, `user_id`, `media_types_id`, `file_name`, `file_size`, `created_at`) VALUES ('80', '80', 4, 'qui', '438', '2017-04-12 07:35:34');
INSERT INTO `media` (`id`, `user_id`, `media_types_id`, `file_name`, `file_size`, `created_at`) VALUES ('81', '81', 1, 'aliquam', '5', '2011-08-13 01:52:04');
INSERT INTO `media` (`id`, `user_id`, `media_types_id`, `file_name`, `file_size`, `created_at`) VALUES ('82', '82', 2, 'enim', '9851', '2015-01-12 04:18:59');
INSERT INTO `media` (`id`, `user_id`, `media_types_id`, `file_name`, `file_size`, `created_at`) VALUES ('83', '83', 3, 'dolores', '0', '1986-07-28 10:59:44');
INSERT INTO `media` (`id`, `user_id`, `media_types_id`, `file_name`, `file_size`, `created_at`) VALUES ('84', '84', 4, 'ea', '34', '1998-08-07 21:06:33');
INSERT INTO `media` (`id`, `user_id`, `media_types_id`, `file_name`, `file_size`, `created_at`) VALUES ('85', '85', 1, 'sint', '4', '1997-03-12 04:53:31');
INSERT INTO `media` (`id`, `user_id`, `media_types_id`, `file_name`, `file_size`, `created_at`) VALUES ('86', '86', 2, 'ut', '600789553', '2004-10-29 23:39:16');
INSERT INTO `media` (`id`, `user_id`, `media_types_id`, `file_name`, `file_size`, `created_at`) VALUES ('87', '87', 3, 'rerum', '0', '1978-03-16 02:25:34');
INSERT INTO `media` (`id`, `user_id`, `media_types_id`, `file_name`, `file_size`, `created_at`) VALUES ('88', '88', 4, 'et', '3', '2004-11-16 12:48:58');
INSERT INTO `media` (`id`, `user_id`, `media_types_id`, `file_name`, `file_size`, `created_at`) VALUES ('89', '89', 1, 'optio', '38763700', '2020-03-25 04:25:51');
INSERT INTO `media` (`id`, `user_id`, `media_types_id`, `file_name`, `file_size`, `created_at`) VALUES ('90', '90', 2, 'consequatur', '0', '2020-08-08 05:23:31');
INSERT INTO `media` (`id`, `user_id`, `media_types_id`, `file_name`, `file_size`, `created_at`) VALUES ('91', '91', 3, 'magni', '96961', '1975-07-15 19:56:37');
INSERT INTO `media` (`id`, `user_id`, `media_types_id`, `file_name`, `file_size`, `created_at`) VALUES ('92', '92', 4, 'ipsum', '9783062', '1975-09-01 04:17:54');
INSERT INTO `media` (`id`, `user_id`, `media_types_id`, `file_name`, `file_size`, `created_at`) VALUES ('93', '93', 1, 'occaecati', '0', '2004-07-02 22:57:29');
INSERT INTO `media` (`id`, `user_id`, `media_types_id`, `file_name`, `file_size`, `created_at`) VALUES ('94', '94', 2, 'at', '75258', '1984-03-07 00:26:14');
INSERT INTO `media` (`id`, `user_id`, `media_types_id`, `file_name`, `file_size`, `created_at`) VALUES ('95', '95', 3, 'sed', '492972034', '1973-02-20 23:50:04');
INSERT INTO `media` (`id`, `user_id`, `media_types_id`, `file_name`, `file_size`, `created_at`) VALUES ('96', '96', 4, 'ratione', '38975', '1973-06-03 03:52:44');
INSERT INTO `media` (`id`, `user_id`, `media_types_id`, `file_name`, `file_size`, `created_at`) VALUES ('97', '97', 1, 'et', '835', '1991-05-22 01:26:26');
INSERT INTO `media` (`id`, `user_id`, `media_types_id`, `file_name`, `file_size`, `created_at`) VALUES ('98', '98', 2, 'nulla', '0', '2009-03-25 03:37:37');
INSERT INTO `media` (`id`, `user_id`, `media_types_id`, `file_name`, `file_size`, `created_at`) VALUES ('99', '99', 3, 'et', '0', '1998-12-08 02:47:08');
INSERT INTO `media` (`id`, `user_id`, `media_types_id`, `file_name`, `file_size`, `created_at`) VALUES ('100', '100', 4, 'molestiae', '10', '2000-10-04 01:59:52');
INSERT INTO `media` (`id`, `user_id`, `media_types_id`, `file_name`, `file_size`, `created_at`) VALUES ('101', '1', 1, 'nam', '14628398', '2004-10-17 14:06:16');
INSERT INTO `media` (`id`, `user_id`, `media_types_id`, `file_name`, `file_size`, `created_at`) VALUES ('102', '2', 2, 'est', '260', '1976-09-21 07:34:06');
INSERT INTO `media` (`id`, `user_id`, `media_types_id`, `file_name`, `file_size`, `created_at`) VALUES ('103', '3', 3, 'repellendus', '5', '2005-09-15 22:52:59');
INSERT INTO `media` (`id`, `user_id`, `media_types_id`, `file_name`, `file_size`, `created_at`) VALUES ('104', '4', 4, 'aspernatur', '40164606', '1986-04-16 09:48:35');
INSERT INTO `media` (`id`, `user_id`, `media_types_id`, `file_name`, `file_size`, `created_at`) VALUES ('105', '5', 1, 'soluta', '106', '2010-08-06 23:23:29');
INSERT INTO `media` (`id`, `user_id`, `media_types_id`, `file_name`, `file_size`, `created_at`) VALUES ('106', '6', 2, 'alias', '9307785', '1975-03-17 17:34:58');
INSERT INTO `media` (`id`, `user_id`, `media_types_id`, `file_name`, `file_size`, `created_at`) VALUES ('107', '7', 3, 'enim', '35005', '2016-09-07 18:15:14');
INSERT INTO `media` (`id`, `user_id`, `media_types_id`, `file_name`, `file_size`, `created_at`) VALUES ('108', '8', 4, 'enim', '254', '2014-02-02 03:07:32');
INSERT INTO `media` (`id`, `user_id`, `media_types_id`, `file_name`, `file_size`, `created_at`) VALUES ('109', '9', 1, 'unde', '89', '2009-01-24 00:38:42');
INSERT INTO `media` (`id`, `user_id`, `media_types_id`, `file_name`, `file_size`, `created_at`) VALUES ('110', '10', 2, 'atque', '32316', '1977-10-27 05:52:00');
INSERT INTO `media` (`id`, `user_id`, `media_types_id`, `file_name`, `file_size`, `created_at`) VALUES ('111', '11', 3, 'tempora', '2825', '1987-01-29 02:11:36');
INSERT INTO `media` (`id`, `user_id`, `media_types_id`, `file_name`, `file_size`, `created_at`) VALUES ('112', '12', 4, 'totam', '3', '1984-08-13 20:55:06');
INSERT INTO `media` (`id`, `user_id`, `media_types_id`, `file_name`, `file_size`, `created_at`) VALUES ('113', '13', 1, 'repudiandae', '24111', '2017-11-11 09:12:22');
INSERT INTO `media` (`id`, `user_id`, `media_types_id`, `file_name`, `file_size`, `created_at`) VALUES ('114', '14', 2, 'veritatis', '9591040', '2008-02-07 06:46:59');
INSERT INTO `media` (`id`, `user_id`, `media_types_id`, `file_name`, `file_size`, `created_at`) VALUES ('115', '15', 3, 'debitis', '6164', '1995-04-22 09:04:19');
INSERT INTO `media` (`id`, `user_id`, `media_types_id`, `file_name`, `file_size`, `created_at`) VALUES ('116', '16', 4, 'quo', '423', '2014-03-07 14:07:51');
INSERT INTO `media` (`id`, `user_id`, `media_types_id`, `file_name`, `file_size`, `created_at`) VALUES ('117', '17', 1, 'sunt', '111587', '2006-02-26 14:55:46');
INSERT INTO `media` (`id`, `user_id`, `media_types_id`, `file_name`, `file_size`, `created_at`) VALUES ('118', '18', 2, 'ipsam', '0', '1973-12-09 18:57:15');
INSERT INTO `media` (`id`, `user_id`, `media_types_id`, `file_name`, `file_size`, `created_at`) VALUES ('119', '19', 3, 'aut', '3093862', '2018-07-13 17:11:38');
INSERT INTO `media` (`id`, `user_id`, `media_types_id`, `file_name`, `file_size`, `created_at`) VALUES ('120', '20', 4, 'nam', '0', '2006-11-08 08:53:12');
INSERT INTO `media` (`id`, `user_id`, `media_types_id`, `file_name`, `file_size`, `created_at`) VALUES ('121', '21', 1, 'dolor', '92802', '1990-06-26 20:15:38');
INSERT INTO `media` (`id`, `user_id`, `media_types_id`, `file_name`, `file_size`, `created_at`) VALUES ('122', '22', 2, 'porro', '9601137', '1980-03-21 00:25:05');
INSERT INTO `media` (`id`, `user_id`, `media_types_id`, `file_name`, `file_size`, `created_at`) VALUES ('123', '23', 3, 'aut', '96', '1989-02-19 05:29:13');
INSERT INTO `media` (`id`, `user_id`, `media_types_id`, `file_name`, `file_size`, `created_at`) VALUES ('124', '24', 4, 'rerum', '72108', '2006-06-04 06:50:50');
INSERT INTO `media` (`id`, `user_id`, `media_types_id`, `file_name`, `file_size`, `created_at`) VALUES ('125', '25', 1, 'distinctio', '8179556', '1991-10-01 06:23:49');
INSERT INTO `media` (`id`, `user_id`, `media_types_id`, `file_name`, `file_size`, `created_at`) VALUES ('126', '26', 2, 'eligendi', '0', '1970-02-11 05:13:37');
INSERT INTO `media` (`id`, `user_id`, `media_types_id`, `file_name`, `file_size`, `created_at`) VALUES ('127', '27', 3, 'quia', '5943554', '1988-02-06 02:28:44');
INSERT INTO `media` (`id`, `user_id`, `media_types_id`, `file_name`, `file_size`, `created_at`) VALUES ('128', '28', 4, 'explicabo', '95783587', '1974-06-12 21:47:51');
INSERT INTO `media` (`id`, `user_id`, `media_types_id`, `file_name`, `file_size`, `created_at`) VALUES ('129', '29', 1, 'nam', '50', '2007-08-10 03:54:22');
INSERT INTO `media` (`id`, `user_id`, `media_types_id`, `file_name`, `file_size`, `created_at`) VALUES ('130', '30', 2, 'exercitationem', '0', '2016-04-05 12:15:39');
INSERT INTO `media` (`id`, `user_id`, `media_types_id`, `file_name`, `file_size`, `created_at`) VALUES ('131', '31', 3, 'autem', '2100', '2010-06-23 13:08:34');
INSERT INTO `media` (`id`, `user_id`, `media_types_id`, `file_name`, `file_size`, `created_at`) VALUES ('132', '32', 4, 'sint', '5336', '2005-12-09 13:27:20');
INSERT INTO `media` (`id`, `user_id`, `media_types_id`, `file_name`, `file_size`, `created_at`) VALUES ('133', '33', 1, 'dicta', '78', '1987-11-09 19:45:49');
INSERT INTO `media` (`id`, `user_id`, `media_types_id`, `file_name`, `file_size`, `created_at`) VALUES ('134', '34', 2, 'qui', '7', '2010-11-07 14:35:26');
INSERT INTO `media` (`id`, `user_id`, `media_types_id`, `file_name`, `file_size`, `created_at`) VALUES ('135', '35', 3, 'earum', '79637', '2014-02-12 23:26:44');
INSERT INTO `media` (`id`, `user_id`, `media_types_id`, `file_name`, `file_size`, `created_at`) VALUES ('136', '36', 4, 'veritatis', '91912', '2016-04-05 18:48:34');
INSERT INTO `media` (`id`, `user_id`, `media_types_id`, `file_name`, `file_size`, `created_at`) VALUES ('137', '37', 1, 'error', '26060159', '2008-11-02 22:14:35');
INSERT INTO `media` (`id`, `user_id`, `media_types_id`, `file_name`, `file_size`, `created_at`) VALUES ('138', '38', 2, 'voluptas', '27594', '1973-08-10 13:00:48');
INSERT INTO `media` (`id`, `user_id`, `media_types_id`, `file_name`, `file_size`, `created_at`) VALUES ('139', '39', 3, 'non', '51854', '1970-07-10 14:56:16');
INSERT INTO `media` (`id`, `user_id`, `media_types_id`, `file_name`, `file_size`, `created_at`) VALUES ('140', '40', 4, 'consequatur', '7034', '2001-07-25 20:36:52');
INSERT INTO `media` (`id`, `user_id`, `media_types_id`, `file_name`, `file_size`, `created_at`) VALUES ('141', '41', 1, 'voluptatem', '525', '1988-09-25 09:56:16');
INSERT INTO `media` (`id`, `user_id`, `media_types_id`, `file_name`, `file_size`, `created_at`) VALUES ('142', '42', 2, 'quis', '5161', '1990-02-11 12:10:23');
INSERT INTO `media` (`id`, `user_id`, `media_types_id`, `file_name`, `file_size`, `created_at`) VALUES ('143', '43', 3, 'dolor', '51530', '2013-12-08 06:08:35');
INSERT INTO `media` (`id`, `user_id`, `media_types_id`, `file_name`, `file_size`, `created_at`) VALUES ('144', '44', 4, 'perferendis', '806471917', '1976-01-24 05:45:12');
INSERT INTO `media` (`id`, `user_id`, `media_types_id`, `file_name`, `file_size`, `created_at`) VALUES ('145', '45', 1, 'veritatis', '917', '2006-03-14 12:47:30');
INSERT INTO `media` (`id`, `user_id`, `media_types_id`, `file_name`, `file_size`, `created_at`) VALUES ('146', '46', 2, 'animi', '137340', '2005-07-11 03:31:16');
INSERT INTO `media` (`id`, `user_id`, `media_types_id`, `file_name`, `file_size`, `created_at`) VALUES ('147', '47', 3, 'aliquid', '0', '2003-06-10 19:24:40');
INSERT INTO `media` (`id`, `user_id`, `media_types_id`, `file_name`, `file_size`, `created_at`) VALUES ('148', '48', 4, 'sit', '66', '2005-12-13 22:36:04');
INSERT INTO `media` (`id`, `user_id`, `media_types_id`, `file_name`, `file_size`, `created_at`) VALUES ('149', '49', 1, 'accusantium', '3143', '1978-12-14 13:27:05');
INSERT INTO `media` (`id`, `user_id`, `media_types_id`, `file_name`, `file_size`, `created_at`) VALUES ('150', '50', 2, 'voluptas', '3642', '1985-05-31 20:10:53');
INSERT INTO `media` (`id`, `user_id`, `media_types_id`, `file_name`, `file_size`, `created_at`) VALUES ('151', '51', 3, 'quam', '66', '2006-01-05 07:38:52');
INSERT INTO `media` (`id`, `user_id`, `media_types_id`, `file_name`, `file_size`, `created_at`) VALUES ('152', '52', 4, 'natus', '748244378', '1975-06-28 14:34:41');
INSERT INTO `media` (`id`, `user_id`, `media_types_id`, `file_name`, `file_size`, `created_at`) VALUES ('153', '53', 1, 'vero', '2', '1992-11-26 17:40:24');
INSERT INTO `media` (`id`, `user_id`, `media_types_id`, `file_name`, `file_size`, `created_at`) VALUES ('154', '54', 2, 'excepturi', '8552', '2004-07-23 16:18:35');
INSERT INTO `media` (`id`, `user_id`, `media_types_id`, `file_name`, `file_size`, `created_at`) VALUES ('155', '55', 3, 'doloribus', '322261', '1980-01-30 13:32:55');
INSERT INTO `media` (`id`, `user_id`, `media_types_id`, `file_name`, `file_size`, `created_at`) VALUES ('156', '56', 4, 'temporibus', '7265', '1999-02-07 13:15:17');
INSERT INTO `media` (`id`, `user_id`, `media_types_id`, `file_name`, `file_size`, `created_at`) VALUES ('157', '57', 1, 'totam', '26454795', '1995-06-15 23:14:41');
INSERT INTO `media` (`id`, `user_id`, `media_types_id`, `file_name`, `file_size`, `created_at`) VALUES ('158', '58', 2, 'nisi', '59989606', '1980-02-06 12:27:49');
INSERT INTO `media` (`id`, `user_id`, `media_types_id`, `file_name`, `file_size`, `created_at`) VALUES ('159', '59', 3, 'aperiam', '178749969', '1975-11-17 06:04:37');
INSERT INTO `media` (`id`, `user_id`, `media_types_id`, `file_name`, `file_size`, `created_at`) VALUES ('160', '60', 4, 'provident', '0', '2015-10-12 17:59:46');
INSERT INTO `media` (`id`, `user_id`, `media_types_id`, `file_name`, `file_size`, `created_at`) VALUES ('161', '61', 1, 'sed', '0', '1974-09-24 14:33:16');
INSERT INTO `media` (`id`, `user_id`, `media_types_id`, `file_name`, `file_size`, `created_at`) VALUES ('162', '62', 2, 'velit', '5393', '2020-01-01 19:05:02');
INSERT INTO `media` (`id`, `user_id`, `media_types_id`, `file_name`, `file_size`, `created_at`) VALUES ('163', '63', 3, 'qui', '462383', '2002-05-28 03:16:15');
INSERT INTO `media` (`id`, `user_id`, `media_types_id`, `file_name`, `file_size`, `created_at`) VALUES ('164', '64', 4, 'eius', '9814820', '1975-02-28 00:45:19');
INSERT INTO `media` (`id`, `user_id`, `media_types_id`, `file_name`, `file_size`, `created_at`) VALUES ('165', '65', 1, 'officiis', '14930', '1976-11-11 12:22:32');
INSERT INTO `media` (`id`, `user_id`, `media_types_id`, `file_name`, `file_size`, `created_at`) VALUES ('166', '66', 2, 'ab', '323376', '1998-02-20 20:10:51');
INSERT INTO `media` (`id`, `user_id`, `media_types_id`, `file_name`, `file_size`, `created_at`) VALUES ('167', '67', 3, 'et', '92891', '2006-10-26 23:04:27');
INSERT INTO `media` (`id`, `user_id`, `media_types_id`, `file_name`, `file_size`, `created_at`) VALUES ('168', '68', 4, 'natus', '4960', '1980-03-31 12:45:45');
INSERT INTO `media` (`id`, `user_id`, `media_types_id`, `file_name`, `file_size`, `created_at`) VALUES ('169', '69', 1, 'ex', '26', '1975-01-06 19:29:41');
INSERT INTO `media` (`id`, `user_id`, `media_types_id`, `file_name`, `file_size`, `created_at`) VALUES ('170', '70', 2, 'pariatur', '722', '2012-01-06 08:19:04');
INSERT INTO `media` (`id`, `user_id`, `media_types_id`, `file_name`, `file_size`, `created_at`) VALUES ('171', '71', 3, 'quo', '6363', '1974-11-07 06:38:08');
INSERT INTO `media` (`id`, `user_id`, `media_types_id`, `file_name`, `file_size`, `created_at`) VALUES ('172', '72', 4, 'asperiores', '97', '1987-12-21 14:13:35');
INSERT INTO `media` (`id`, `user_id`, `media_types_id`, `file_name`, `file_size`, `created_at`) VALUES ('173', '73', 1, 'blanditiis', '9', '1987-08-15 02:38:26');
INSERT INTO `media` (`id`, `user_id`, `media_types_id`, `file_name`, `file_size`, `created_at`) VALUES ('174', '74', 2, 'maiores', '944544281', '1985-01-19 07:17:02');
INSERT INTO `media` (`id`, `user_id`, `media_types_id`, `file_name`, `file_size`, `created_at`) VALUES ('175', '75', 3, 'rerum', '4', '1984-06-27 05:52:33');
INSERT INTO `media` (`id`, `user_id`, `media_types_id`, `file_name`, `file_size`, `created_at`) VALUES ('176', '76', 4, 'quas', '245', '1971-10-09 14:47:00');
INSERT INTO `media` (`id`, `user_id`, `media_types_id`, `file_name`, `file_size`, `created_at`) VALUES ('177', '77', 1, 'velit', '9149', '2020-02-25 06:38:07');
INSERT INTO `media` (`id`, `user_id`, `media_types_id`, `file_name`, `file_size`, `created_at`) VALUES ('178', '78', 2, 'eum', '40', '2010-11-08 17:48:19');
INSERT INTO `media` (`id`, `user_id`, `media_types_id`, `file_name`, `file_size`, `created_at`) VALUES ('179', '79', 3, 'reprehenderit', '1942740', '2018-08-21 01:41:05');
INSERT INTO `media` (`id`, `user_id`, `media_types_id`, `file_name`, `file_size`, `created_at`) VALUES ('180', '80', 4, 'debitis', '197', '1997-01-29 03:28:23');
INSERT INTO `media` (`id`, `user_id`, `media_types_id`, `file_name`, `file_size`, `created_at`) VALUES ('181', '81', 1, 'veritatis', '249786', '2001-04-03 04:17:43');
INSERT INTO `media` (`id`, `user_id`, `media_types_id`, `file_name`, `file_size`, `created_at`) VALUES ('182', '82', 2, 'reprehenderit', '359', '1985-06-15 03:07:21');
INSERT INTO `media` (`id`, `user_id`, `media_types_id`, `file_name`, `file_size`, `created_at`) VALUES ('183', '83', 3, 'nobis', '5', '1980-03-05 11:13:36');
INSERT INTO `media` (`id`, `user_id`, `media_types_id`, `file_name`, `file_size`, `created_at`) VALUES ('184', '84', 4, 'et', '0', '1990-01-22 18:53:55');
INSERT INTO `media` (`id`, `user_id`, `media_types_id`, `file_name`, `file_size`, `created_at`) VALUES ('185', '85', 1, 'omnis', '412580', '2010-05-26 04:59:59');
INSERT INTO `media` (`id`, `user_id`, `media_types_id`, `file_name`, `file_size`, `created_at`) VALUES ('186', '86', 2, 'harum', '835244', '1993-03-27 14:21:22');
INSERT INTO `media` (`id`, `user_id`, `media_types_id`, `file_name`, `file_size`, `created_at`) VALUES ('187', '87', 3, 'ut', '5628208', '1979-10-15 09:18:10');
INSERT INTO `media` (`id`, `user_id`, `media_types_id`, `file_name`, `file_size`, `created_at`) VALUES ('188', '88', 4, 'repellendus', '68', '2013-12-15 14:11:38');
INSERT INTO `media` (`id`, `user_id`, `media_types_id`, `file_name`, `file_size`, `created_at`) VALUES ('189', '89', 1, 'cumque', '4574548', '1987-11-29 01:32:34');
INSERT INTO `media` (`id`, `user_id`, `media_types_id`, `file_name`, `file_size`, `created_at`) VALUES ('190', '90', 2, 'impedit', '32288', '2008-02-04 04:51:51');
INSERT INTO `media` (`id`, `user_id`, `media_types_id`, `file_name`, `file_size`, `created_at`) VALUES ('191', '91', 3, 'et', '67', '1997-09-03 01:45:03');
INSERT INTO `media` (`id`, `user_id`, `media_types_id`, `file_name`, `file_size`, `created_at`) VALUES ('192', '92', 4, 'esse', '0', '2019-10-22 01:49:27');
INSERT INTO `media` (`id`, `user_id`, `media_types_id`, `file_name`, `file_size`, `created_at`) VALUES ('193', '93', 1, 'voluptatem', '750650', '1977-08-09 17:58:34');
INSERT INTO `media` (`id`, `user_id`, `media_types_id`, `file_name`, `file_size`, `created_at`) VALUES ('194', '94', 2, 'quae', '339373', '1981-08-22 19:40:49');
INSERT INTO `media` (`id`, `user_id`, `media_types_id`, `file_name`, `file_size`, `created_at`) VALUES ('195', '95', 3, 'eos', '547', '1982-12-21 02:53:01');
INSERT INTO `media` (`id`, `user_id`, `media_types_id`, `file_name`, `file_size`, `created_at`) VALUES ('196', '96', 4, 'voluptatem', '8706', '2000-11-29 16:30:38');
INSERT INTO `media` (`id`, `user_id`, `media_types_id`, `file_name`, `file_size`, `created_at`) VALUES ('197', '97', 1, 'sint', '59068', '2002-05-19 20:57:09');
INSERT INTO `media` (`id`, `user_id`, `media_types_id`, `file_name`, `file_size`, `created_at`) VALUES ('198', '98', 2, 'sint', '402474666', '2015-07-25 03:34:02');
INSERT INTO `media` (`id`, `user_id`, `media_types_id`, `file_name`, `file_size`, `created_at`) VALUES ('199', '99', 3, 'dolor', '8', '1990-07-22 05:50:32');
INSERT INTO `media` (`id`, `user_id`, `media_types_id`, `file_name`, `file_size`, `created_at`) VALUES ('200', '100', 4, 'ut', '3252', '2005-04-21 19:52:39');


INSERT INTO `profiles` (`user_id`, `name`, `photo_id`, `user_status`, `city`, `country`) VALUES ('1', 'accusamus', '1', 'Exercitationem earum natus dol', 'Russelville', '6809988');
INSERT INTO `profiles` (`user_id`, `name`, `photo_id`, `user_status`, `city`, `country`) VALUES ('2', 'sit', '2', 'Aut impedit non repellat itaqu', 'East Elna', '69');
INSERT INTO `profiles` (`user_id`, `name`, `photo_id`, `user_status`, `city`, `country`) VALUES ('3', 'nostrum', '3', 'Minus non at nostrum consequat', 'West Grover', '4');
INSERT INTO `profiles` (`user_id`, `name`, `photo_id`, `user_status`, `city`, `country`) VALUES ('4', 'quam', '4', 'Ut ut aliquid atque voluptatum', 'Juliehaven', '2248');
INSERT INTO `profiles` (`user_id`, `name`, `photo_id`, `user_status`, `city`, `country`) VALUES ('5', 'voluptatum', '5', 'Explicabo velit nihil quia. Be', 'South Angelmouth', '149490');
INSERT INTO `profiles` (`user_id`, `name`, `photo_id`, `user_status`, `city`, `country`) VALUES ('6', 'sunt', '6', 'Eligendi numquam dolorum provi', 'East Nyahmouth', '52');
INSERT INTO `profiles` (`user_id`, `name`, `photo_id`, `user_status`, `city`, `country`) VALUES ('7', 'iure', '7', 'Quis quasi maxime nihil error ', 'Lake Joana', '5552558');
INSERT INTO `profiles` (`user_id`, `name`, `photo_id`, `user_status`, `city`, `country`) VALUES ('8', 'et', '8', 'Assumenda totam praesentium ac', 'North Mathewborough', '4812696');
INSERT INTO `profiles` (`user_id`, `name`, `photo_id`, `user_status`, `city`, `country`) VALUES ('9', 'ex', '9', 'Voluptas hic sequi hic eaque q', 'Raleighside', '228407834');
INSERT INTO `profiles` (`user_id`, `name`, `photo_id`, `user_status`, `city`, `country`) VALUES ('10', 'laborum', '10', 'Quia fugit optio et libero rer', 'West Ronaldoport', '22398');
INSERT INTO `profiles` (`user_id`, `name`, `photo_id`, `user_status`, `city`, `country`) VALUES ('11', 'velit', '11', 'Ullam nulla neque omnis velit ', 'Hesselton', '378572911');
INSERT INTO `profiles` (`user_id`, `name`, `photo_id`, `user_status`, `city`, `country`) VALUES ('12', 'voluptas', '12', 'Et distinctio tempore repellat', 'Carterbury', '3');
INSERT INTO `profiles` (`user_id`, `name`, `photo_id`, `user_status`, `city`, `country`) VALUES ('13', 'rem', '13', 'Quia ipsam voluptas quis liber', 'Lake Janeville', '31');
INSERT INTO `profiles` (`user_id`, `name`, `photo_id`, `user_status`, `city`, `country`) VALUES ('14', 'earum', '14', 'Ratione architecto laboriosam ', 'Lake Ruthborough', '392');
INSERT INTO `profiles` (`user_id`, `name`, `photo_id`, `user_status`, `city`, `country`) VALUES ('15', 'cumque', '15', 'Beatae sed nihil vel assumenda', 'Reillyfort', '985');
INSERT INTO `profiles` (`user_id`, `name`, `photo_id`, `user_status`, `city`, `country`) VALUES ('16', 'voluptas', '16', 'Iste quidem temporibus vitae e', 'Brandytown', '894273');
INSERT INTO `profiles` (`user_id`, `name`, `photo_id`, `user_status`, `city`, `country`) VALUES ('17', 'temporibus', '17', 'Facilis officia hic quis volup', 'Lake Maximillian', '616524');
INSERT INTO `profiles` (`user_id`, `name`, `photo_id`, `user_status`, `city`, `country`) VALUES ('18', 'voluptatem', '18', 'Laboriosam enim quas eum iste ', 'West Kyleighland', '3');
INSERT INTO `profiles` (`user_id`, `name`, `photo_id`, `user_status`, `city`, `country`) VALUES ('19', 'id', '19', 'Ipsa suscipit dolore fuga. Mol', 'Port Horacio', '17278');
INSERT INTO `profiles` (`user_id`, `name`, `photo_id`, `user_status`, `city`, `country`) VALUES ('20', 'qui', '20', 'Libero veritatis at laudantium', 'Madalynborough', '70273589');
INSERT INTO `profiles` (`user_id`, `name`, `photo_id`, `user_status`, `city`, `country`) VALUES ('21', 'sequi', '21', 'Soluta suscipit est ipsa possi', 'Alexaton', '28496766');
INSERT INTO `profiles` (`user_id`, `name`, `photo_id`, `user_status`, `city`, `country`) VALUES ('22', 'qui', '22', 'Officia quisquam molestiae rep', 'Makaylafurt', '80031185');
INSERT INTO `profiles` (`user_id`, `name`, `photo_id`, `user_status`, `city`, `country`) VALUES ('23', 'corrupti', '23', 'Laboriosam voluptatem incidunt', 'West Anastasia', '');
INSERT INTO `profiles` (`user_id`, `name`, `photo_id`, `user_status`, `city`, `country`) VALUES ('24', 'non', '24', 'Ut fuga ullam voluptate beatae', 'Ankundingstad', '1591');
INSERT INTO `profiles` (`user_id`, `name`, `photo_id`, `user_status`, `city`, `country`) VALUES ('25', 'dolor', '25', 'Voluptatem perspiciatis et dol', 'West Manuelaburgh', '226');
INSERT INTO `profiles` (`user_id`, `name`, `photo_id`, `user_status`, `city`, `country`) VALUES ('26', 'ipsa', '26', 'Architecto veniam sed quibusda', 'Delphaville', '52');
INSERT INTO `profiles` (`user_id`, `name`, `photo_id`, `user_status`, `city`, `country`) VALUES ('27', 'officiis', '27', 'Fugit ducimus blanditiis illo ', 'Faustoside', '4018');
INSERT INTO `profiles` (`user_id`, `name`, `photo_id`, `user_status`, `city`, `country`) VALUES ('28', 'et', '28', 'Doloribus temporibus sed ut qu', 'East Erica', '168240');
INSERT INTO `profiles` (`user_id`, `name`, `photo_id`, `user_status`, `city`, `country`) VALUES ('29', 'aut', '29', 'Alias aut doloremque aut debit', 'Ambermouth', '');
INSERT INTO `profiles` (`user_id`, `name`, `photo_id`, `user_status`, `city`, `country`) VALUES ('30', 'recusandae', '30', 'Aperiam consequatur molestias ', 'Jovanychester', '911432');
INSERT INTO `profiles` (`user_id`, `name`, `photo_id`, `user_status`, `city`, `country`) VALUES ('31', 'quo', '31', 'Ea autem placeat suscipit eum ', 'Starkhaven', '909');
INSERT INTO `profiles` (`user_id`, `name`, `photo_id`, `user_status`, `city`, `country`) VALUES ('32', 'unde', '32', 'Velit sed itaque atque fugit. ', 'Port Denis', '5');
INSERT INTO `profiles` (`user_id`, `name`, `photo_id`, `user_status`, `city`, `country`) VALUES ('33', 'cupiditate', '33', 'Quia dolore est quod ducimus e', 'Port Elsa', '1');
INSERT INTO `profiles` (`user_id`, `name`, `photo_id`, `user_status`, `city`, `country`) VALUES ('34', 'tempore', '34', 'Provident iusto non ipsam. Rep', 'Melisafurt', '');
INSERT INTO `profiles` (`user_id`, `name`, `photo_id`, `user_status`, `city`, `country`) VALUES ('35', 'reprehenderit', '35', 'Optio omnis beatae quae dicta ', 'East Cadechester', '144');
INSERT INTO `profiles` (`user_id`, `name`, `photo_id`, `user_status`, `city`, `country`) VALUES ('36', 'illo', '36', 'Culpa sit et nisi ea praesenti', 'Champlinhaven', '20');
INSERT INTO `profiles` (`user_id`, `name`, `photo_id`, `user_status`, `city`, `country`) VALUES ('37', 'sint', '37', 'Dolor laudantium dolorem et at', 'Adalbertoburgh', '8026');
INSERT INTO `profiles` (`user_id`, `name`, `photo_id`, `user_status`, `city`, `country`) VALUES ('38', 'ex', '38', 'Ratione temporibus dolores a a', 'Kingport', '4506667');
INSERT INTO `profiles` (`user_id`, `name`, `photo_id`, `user_status`, `city`, `country`) VALUES ('39', 'sit', '39', 'Libero fugiat fugit et omnis r', 'McCulloughport', '414059431');
INSERT INTO `profiles` (`user_id`, `name`, `photo_id`, `user_status`, `city`, `country`) VALUES ('40', 'rem', '40', 'Explicabo vero et nam repellat', 'Lake Daniela', '453');
INSERT INTO `profiles` (`user_id`, `name`, `photo_id`, `user_status`, `city`, `country`) VALUES ('41', 'voluptatem', '41', 'Earum et eos molestiae molesti', 'Alvahland', '6');
INSERT INTO `profiles` (`user_id`, `name`, `photo_id`, `user_status`, `city`, `country`) VALUES ('42', 'molestiae', '42', 'Aut cumque aut quia cumque. Im', 'Barrowsshire', '255356072');
INSERT INTO `profiles` (`user_id`, `name`, `photo_id`, `user_status`, `city`, `country`) VALUES ('43', 'omnis', '43', 'Corporis et laudantium delenit', 'New Clemens', '4');
INSERT INTO `profiles` (`user_id`, `name`, `photo_id`, `user_status`, `city`, `country`) VALUES ('44', 'et', '44', 'Quia nesciunt qui est voluptat', 'Parisianfurt', '1078');
INSERT INTO `profiles` (`user_id`, `name`, `photo_id`, `user_status`, `city`, `country`) VALUES ('45', 'expedita', '45', 'Nemo voluptates labore dolorem', 'New Shaniyaside', '4243');
INSERT INTO `profiles` (`user_id`, `name`, `photo_id`, `user_status`, `city`, `country`) VALUES ('46', 'et', '46', 'Perspiciatis ut sed nihil dolo', 'Lake Mallie', '556608527');
INSERT INTO `profiles` (`user_id`, `name`, `photo_id`, `user_status`, `city`, `country`) VALUES ('47', 'suscipit', '47', 'Earum eum temporibus nemo nemo', 'Lubowitzchester', '99637');
INSERT INTO `profiles` (`user_id`, `name`, `photo_id`, `user_status`, `city`, `country`) VALUES ('48', 'inventore', '48', 'Officiis aliquid et dignissimo', 'New Lucasborough', '33581626');
INSERT INTO `profiles` (`user_id`, `name`, `photo_id`, `user_status`, `city`, `country`) VALUES ('49', 'nam', '49', 'Vel occaecati quaerat minima. ', 'Oletaberg', '81211');
INSERT INTO `profiles` (`user_id`, `name`, `photo_id`, `user_status`, `city`, `country`) VALUES ('50', 'a', '50', 'Fugit rerum illum voluptatem q', 'North Jenniferville', '8291');
INSERT INTO `profiles` (`user_id`, `name`, `photo_id`, `user_status`, `city`, `country`) VALUES ('51', 'saepe', '51', 'Quidem facere ut sapiente. Und', 'South Jamison', '10');
INSERT INTO `profiles` (`user_id`, `name`, `photo_id`, `user_status`, `city`, `country`) VALUES ('52', 'sit', '52', 'Ex beatae accusamus necessitat', 'Lake Jamisonshire', '135716');
INSERT INTO `profiles` (`user_id`, `name`, `photo_id`, `user_status`, `city`, `country`) VALUES ('53', 'dolor', '53', 'Voluptates inventore voluptate', 'Brownland', '');
INSERT INTO `profiles` (`user_id`, `name`, `photo_id`, `user_status`, `city`, `country`) VALUES ('54', 'reiciendis', '54', 'Aut esse repellat cum quaerat.', 'Marioland', '50243');
INSERT INTO `profiles` (`user_id`, `name`, `photo_id`, `user_status`, `city`, `country`) VALUES ('55', 'consequuntur', '55', 'Tempore in quo nihil veniam im', 'East Wade', '');
INSERT INTO `profiles` (`user_id`, `name`, `photo_id`, `user_status`, `city`, `country`) VALUES ('56', 'et', '56', 'Modi fugiat numquam voluptates', 'Boganview', '845223185');
INSERT INTO `profiles` (`user_id`, `name`, `photo_id`, `user_status`, `city`, `country`) VALUES ('57', 'nihil', '57', 'Minus sit explicabo vero adipi', 'Shaniyaberg', '948094');
INSERT INTO `profiles` (`user_id`, `name`, `photo_id`, `user_status`, `city`, `country`) VALUES ('58', 'voluptatum', '58', 'Cumque laudantium qui ipsa mag', 'Mosciskiport', '');
INSERT INTO `profiles` (`user_id`, `name`, `photo_id`, `user_status`, `city`, `country`) VALUES ('59', 'repellendus', '59', 'Asperiores animi rerum facilis', 'Itzelport', '33980775');
INSERT INTO `profiles` (`user_id`, `name`, `photo_id`, `user_status`, `city`, `country`) VALUES ('60', 'aut', '60', 'Praesentium earum dolore nesci', 'Port Paulineville', '541761');
INSERT INTO `profiles` (`user_id`, `name`, `photo_id`, `user_status`, `city`, `country`) VALUES ('61', 'dolore', '61', 'Exercitationem consequatur bea', 'Marysehaven', '67');
INSERT INTO `profiles` (`user_id`, `name`, `photo_id`, `user_status`, `city`, `country`) VALUES ('62', 'odit', '62', 'Dolores porro aut quae rem ea ', 'South Keatonshire', '');
INSERT INTO `profiles` (`user_id`, `name`, `photo_id`, `user_status`, `city`, `country`) VALUES ('63', 'ab', '63', 'Consequatur repellendus pariat', 'Windlerstad', '38934');
INSERT INTO `profiles` (`user_id`, `name`, `photo_id`, `user_status`, `city`, `country`) VALUES ('64', 'dolores', '64', 'Incidunt dolorem dolorum dicta', 'Kathrynberg', '5747265');
INSERT INTO `profiles` (`user_id`, `name`, `photo_id`, `user_status`, `city`, `country`) VALUES ('65', 'velit', '65', 'Vitae reiciendis rerum consequ', 'Walterborough', '63530985');
INSERT INTO `profiles` (`user_id`, `name`, `photo_id`, `user_status`, `city`, `country`) VALUES ('66', 'est', '66', 'Sunt dolores officia corrupti ', 'Port Tyreek', '93');
INSERT INTO `profiles` (`user_id`, `name`, `photo_id`, `user_status`, `city`, `country`) VALUES ('67', 'quia', '67', 'Totam aut et ipsam et rem qui ', 'Gleichnerview', '461941');
INSERT INTO `profiles` (`user_id`, `name`, `photo_id`, `user_status`, `city`, `country`) VALUES ('68', 'rerum', '68', 'Incidunt perspiciatis laborios', 'New Zitahaven', '752');
INSERT INTO `profiles` (`user_id`, `name`, `photo_id`, `user_status`, `city`, `country`) VALUES ('69', 'omnis', '69', 'Et voluptatem ea illo exceptur', 'New Dale', '7731');
INSERT INTO `profiles` (`user_id`, `name`, `photo_id`, `user_status`, `city`, `country`) VALUES ('70', 'consequatur', '70', 'Quibusdam sit ab iusto. Nihil ', 'Baumbachstad', '');
INSERT INTO `profiles` (`user_id`, `name`, `photo_id`, `user_status`, `city`, `country`) VALUES ('71', 'odit', '71', 'Atque vel ad magnam odit ut mo', 'West Adolfoborough', '45983854');
INSERT INTO `profiles` (`user_id`, `name`, `photo_id`, `user_status`, `city`, `country`) VALUES ('72', 'rerum', '72', 'Itaque animi asperiores invent', 'North Tessport', '985');
INSERT INTO `profiles` (`user_id`, `name`, `photo_id`, `user_status`, `city`, `country`) VALUES ('73', 'nihil', '73', 'Totam enim commodi distinctio ', 'Darbymouth', '8024974');
INSERT INTO `profiles` (`user_id`, `name`, `photo_id`, `user_status`, `city`, `country`) VALUES ('74', 'aperiam', '74', 'Maxime animi alias rem laudant', 'Jettmouth', '746788734');
INSERT INTO `profiles` (`user_id`, `name`, `photo_id`, `user_status`, `city`, `country`) VALUES ('75', 'ut', '75', 'Molestias ut accusantium vel i', 'Port Francis', '245619705');
INSERT INTO `profiles` (`user_id`, `name`, `photo_id`, `user_status`, `city`, `country`) VALUES ('76', 'dolorem', '76', 'Labore soluta veniam a volupta', 'Bechtelarfurt', '22');
INSERT INTO `profiles` (`user_id`, `name`, `photo_id`, `user_status`, `city`, `country`) VALUES ('77', 'sunt', '77', 'Dolore molestiae architecto al', 'Abshireborough', '1');
INSERT INTO `profiles` (`user_id`, `name`, `photo_id`, `user_status`, `city`, `country`) VALUES ('78', 'voluptatem', '78', 'Autem dolores et laudantium ab', 'Beaufurt', '95990');
INSERT INTO `profiles` (`user_id`, `name`, `photo_id`, `user_status`, `city`, `country`) VALUES ('79', 'omnis', '79', 'Molestias est quia illo quidem', 'Lake Opalchester', '444');
INSERT INTO `profiles` (`user_id`, `name`, `photo_id`, `user_status`, `city`, `country`) VALUES ('80', 'ipsam', '80', 'Molestiae quam earum minima hi', 'Willview', '44207435');
INSERT INTO `profiles` (`user_id`, `name`, `photo_id`, `user_status`, `city`, `country`) VALUES ('81', 'voluptas', '81', 'Quia quaerat eum voluptatem eu', 'Kiehnmouth', '57970');
INSERT INTO `profiles` (`user_id`, `name`, `photo_id`, `user_status`, `city`, `country`) VALUES ('82', 'minus', '82', 'Non in necessitatibus labore a', 'Danialland', '9');
INSERT INTO `profiles` (`user_id`, `name`, `photo_id`, `user_status`, `city`, `country`) VALUES ('83', 'laudantium', '83', 'Voluptatum molestiae quas aut ', 'East Alfred', '');
INSERT INTO `profiles` (`user_id`, `name`, `photo_id`, `user_status`, `city`, `country`) VALUES ('84', 'in', '84', 'Eos sit ipsam quia laborum dol', 'Port Caylachester', '113');
INSERT INTO `profiles` (`user_id`, `name`, `photo_id`, `user_status`, `city`, `country`) VALUES ('85', 'cumque', '85', 'Earum distinctio velit ducimus', 'North Elmira', '270378943');
INSERT INTO `profiles` (`user_id`, `name`, `photo_id`, `user_status`, `city`, `country`) VALUES ('86', 'distinctio', '86', 'Eaque consequatur sit accusamu', 'Juanitafort', '99696');
INSERT INTO `profiles` (`user_id`, `name`, `photo_id`, `user_status`, `city`, `country`) VALUES ('87', 'tempora', '87', 'Sunt quidem aut iure explicabo', 'Mayerfurt', '5');
INSERT INTO `profiles` (`user_id`, `name`, `photo_id`, `user_status`, `city`, `country`) VALUES ('88', 'aut', '88', 'Est architecto velit molestiae', 'Port Lacy', '883070942');
INSERT INTO `profiles` (`user_id`, `name`, `photo_id`, `user_status`, `city`, `country`) VALUES ('89', 'exercitationem', '89', 'Illo quod sit omnis aut et. Cu', 'Gibsonhaven', '31401');
INSERT INTO `profiles` (`user_id`, `name`, `photo_id`, `user_status`, `city`, `country`) VALUES ('90', 'doloremque', '90', 'Labore dignissimos doloremque ', 'New Reymundoberg', '3');
INSERT INTO `profiles` (`user_id`, `name`, `photo_id`, `user_status`, `city`, `country`) VALUES ('91', 'impedit', '91', 'Voluptas delectus beatae omnis', 'Connellymouth', '570939');
INSERT INTO `profiles` (`user_id`, `name`, `photo_id`, `user_status`, `city`, `country`) VALUES ('92', 'eum', '92', 'Nihil magnam praesentium non a', 'Sporermouth', '17442');
INSERT INTO `profiles` (`user_id`, `name`, `photo_id`, `user_status`, `city`, `country`) VALUES ('93', 'culpa', '93', 'Illum ut numquam dolor asperio', 'Pagacmouth', '498');
INSERT INTO `profiles` (`user_id`, `name`, `photo_id`, `user_status`, `city`, `country`) VALUES ('94', 'molestiae', '94', 'Deleniti est amet qui aut dolo', 'Hammesfurt', '27815374');
INSERT INTO `profiles` (`user_id`, `name`, `photo_id`, `user_status`, `city`, `country`) VALUES ('95', 'libero', '95', 'Aut itaque laudantium repellat', 'North Priscillatown', '79298');
INSERT INTO `profiles` (`user_id`, `name`, `photo_id`, `user_status`, `city`, `country`) VALUES ('96', 'quia', '96', 'Ea voluptatem harum harum dele', 'Wilhelminefurt', '904');
INSERT INTO `profiles` (`user_id`, `name`, `photo_id`, `user_status`, `city`, `country`) VALUES ('97', 'neque', '97', 'Suscipit alias et dolorem beat', 'Bednarfurt', '65195033');
INSERT INTO `profiles` (`user_id`, `name`, `photo_id`, `user_status`, `city`, `country`) VALUES ('98', 'ullam', '98', 'Officia possimus quisquam mole', 'Port Jaredshire', '8395651');
INSERT INTO `profiles` (`user_id`, `name`, `photo_id`, `user_status`, `city`, `country`) VALUES ('99', 'et', '99', 'Voluptatem et eos reprehenderi', 'Letitiafort', '9277');
INSERT INTO `profiles` (`user_id`, `name`, `photo_id`, `user_status`, `city`, `country`) VALUES ('100', 'est', '100', 'Quo deserunt recusandae unde r', 'South Ethelyn', '');


INSERT INTO `friend_requests_types` (`id`, `name`) VALUES (1, 'accepted');
INSERT INTO `friend_requests_types` (`id`, `name`) VALUES (2, 'declined');
INSERT INTO `friend_requests_types` (`id`, `name`) VALUES (3, 'unfriended');