-- MySQL dump 10.13  Distrib 8.0.23, for Win64 (x86_64)
--
-- Host: localhost    Database: vk
-- ------------------------------------------------------
-- Server version	8.0.23

/*!40101 SET @OLD_CHARACTER_SET_CLIENT=@@CHARACTER_SET_CLIENT */;
/*!40101 SET @OLD_CHARACTER_SET_RESULTS=@@CHARACTER_SET_RESULTS */;
/*!40101 SET @OLD_COLLATION_CONNECTION=@@COLLATION_CONNECTION */;
/*!50503 SET NAMES utf8mb4 */;
/*!40103 SET @OLD_TIME_ZONE=@@TIME_ZONE */;
/*!40103 SET TIME_ZONE='+00:00' */;
/*!40014 SET @OLD_UNIQUE_CHECKS=@@UNIQUE_CHECKS, UNIQUE_CHECKS=0 */;
/*!40014 SET @OLD_FOREIGN_KEY_CHECKS=@@FOREIGN_KEY_CHECKS, FOREIGN_KEY_CHECKS=0 */;
/*!40101 SET @OLD_SQL_MODE=@@SQL_MODE, SQL_MODE='NO_AUTO_VALUE_ON_ZERO' */;
/*!40111 SET @OLD_SQL_NOTES=@@SQL_NOTES, SQL_NOTES=0 */;

--
-- Table structure for table `communities`
--

DROP TABLE IF EXISTS `communities`;
/*!40101 SET @saved_cs_client     = @@character_set_client */;
/*!50503 SET character_set_client = utf8mb4 */;
CREATE TABLE `communities` (
  `id` bigint unsigned NOT NULL AUTO_INCREMENT,
  `name` varchar(145) CHARACTER SET utf8mb4 COLLATE utf8mb4_unicode_ci NOT NULL,
  `description` varchar(245) CHARACTER SET utf8mb4 COLLATE utf8mb4_unicode_ci DEFAULT NULL,
  `admin_id` bigint unsigned NOT NULL,
  PRIMARY KEY (`id`),
  KEY `fk_communities_users_admin_idx` (`admin_id`),
  CONSTRAINT `fk_communities_users` FOREIGN KEY (`admin_id`) REFERENCES `users` (`id`)
) ENGINE=InnoDB AUTO_INCREMENT=36 DEFAULT CHARSET=utf8mb4 COLLATE=utf8mb4_unicode_ci;
/*!40101 SET character_set_client = @saved_cs_client */;

--
-- Dumping data for table `communities`
--

LOCK TABLES `communities` WRITE;
/*!40000 ALTER TABLE `communities` DISABLE KEYS */;
INSERT INTO `communities` VALUES (1,'officiis','Provident vero ratione iusto quia sed deleniti. Eos accusamus quam assumenda omnis necessitatibus corporis. Et et ea commodi qui quibusdam. Qui unde possimus voluptates ratione vel.',1),(2,'sapiente','Reiciendis impedit quisquam harum harum quam culpa omnis rem. Nobis facilis unde et explicabo. Beatae saepe at non. Quos sapiente et aspernatur consequuntur.',2),(3,'magni','Quas explicabo quae quia sit provident optio. Eius sed sint culpa et. Eaque deserunt sit cupiditate earum quia molestiae. Voluptas et harum molestias dicta saepe. Omnis ipsum ut aperiam et inventore corrupti.',3),(4,'ut','Dolorum qui quae eius aliquid aut harum natus. In ad molestiae illo asperiores id vitae.',4),(5,'voluptatem','Eligendi aliquam corrupti quaerat quaerat consectetur et non. Et tempora at velit et cum ipsam. Consequatur ipsam dolore sed.',5),(6,'voluptas','Qui ipsum doloremque et eos. Adipisci ut voluptas ipsa eos modi reiciendis nihil. Facere nobis qui ut et consequatur. Tenetur maxime harum dolores est consequuntur perferendis sed.',6),(7,'aliquam','Est voluptas animi dolor laboriosam aut illum quod. Laborum quod in eos sunt. Rerum porro eos ea vitae aut omnis voluptate. Nihil officia nihil fuga asperiores ipsa aspernatur deserunt. Omnis cumque molestiae perspiciatis ullam est eum.',7),(8,'incidunt','Voluptates rerum porro doloremque accusamus magni. Consequuntur nostrum quis et voluptates ut. Est voluptatem non quo totam quis autem libero.',8),(9,'vero','Nostrum architecto quis accusamus deserunt laudantium expedita iure. Minus excepturi corporis et qui. Ut optio et est veniam alias. Earum aut perspiciatis deleniti minus quia quo consequatur quod.',9),(10,'consequatur','Non esse dolor architecto soluta ad et. Repellat explicabo velit voluptatibus voluptas. Atque sapiente necessitatibus esse quos. Ullam ipsa quam nisi reiciendis rerum.',10),(11,'molestiae','Voluptatem explicabo culpa doloribus amet. Alias labore id quo sapiente sed nulla. Et sint nihil vel facilis rem corrupti sunt. Voluptates voluptatibus velit id nihil.',11),(12,'quisquam','Molestias voluptatem saepe est odit quidem tenetur. Maxime placeat distinctio voluptatem aliquam quia. Tempore blanditiis consequatur reprehenderit est et quas.',12),(13,'omnis','Inventore quia sit ullam vitae repellendus et. Magnam ea expedita et ex. Minima consequuntur quo aut ex dolor est.',13),(14,'nostrum','Nihil rerum dolor veritatis assumenda laboriosam aliquid. Voluptatum sit nemo suscipit vitae provident. Praesentium mollitia necessitatibus ut tenetur est.',14),(15,'dignissimos','Dolores qui a omnis doloribus. Quo veniam possimus quidem omnis. Repellendus voluptatibus ea numquam est corrupti rerum exercitationem. Qui consectetur non atque fugiat modi facere nihil.',15),(16,'est','Et rerum rem culpa dolor expedita culpa cum. Itaque saepe quisquam ad illum cupiditate nihil consequatur. Doloremque optio quo quos itaque exercitationem. In eum delectus voluptas praesentium quia rerum rerum.',16),(17,'accusantium','Et qui corrupti vero vel. Mollitia nihil incidunt ab dolores id quia. Doloremque odio dolores eos. Et quod voluptas consectetur accusamus. Libero et reprehenderit ut sint repellendus distinctio.',17),(18,'minus','Nihil dolor neque odit. Ipsa voluptatem voluptatem rem perspiciatis delectus et dolor. Officia mollitia non nisi sint ducimus sint. Aliquid harum autem ullam non.',18),(19,'quam','Soluta excepturi debitis quos itaque neque voluptas repellendus incidunt. Non cum iure est et doloremque ut autem. Sed cupiditate id voluptates neque. Eum consequuntur modi sunt voluptatem sunt.',19),(20,'inventore','Modi ea similique aspernatur sit. Et odit est aut velit ut numquam recusandae. Distinctio ad corrupti voluptatibus architecto molestias laboriosam corporis rerum. Explicabo eos possimus perferendis non totam.',20),(21,'illo','Nobis id ut sed illum nam voluptatum. Quos vel quasi sed ullam quibusdam voluptas quis. Officiis minus similique et hic laudantium dolor aut. Iste itaque autem ut quidem.',21),(22,'corporis','Nostrum dolor et omnis voluptas eos. Iste laborum rerum omnis tempora ex nihil. Deserunt exercitationem eaque repellat incidunt et.',22),(23,'magnam','Quis harum quo iste nihil in quaerat ratione. Iste dicta veniam neque. Ipsum voluptatibus repellendus sed soluta ratione perferendis iste. Dolor culpa quia libero aspernatur sit. Nesciunt deserunt consectetur et vitae ad.',23),(24,'at','Dicta animi non quia voluptas alias hic tenetur dolorem. Quia et qui vel necessitatibus non possimus nisi quaerat. Illo a quia ex perspiciatis. Iste soluta eos in laboriosam sed consectetur dolorem.',24),(25,'magni','Qui dolore aut repudiandae velit. Qui unde sint molestias mollitia earum incidunt. Harum odio voluptates sed eaque assumenda cum. Ut cum molestiae quibusdam occaecati quod.',25),(26,'labore','Non similique expedita sed corporis neque inventore repellat. Recusandae sunt est dolores amet dolores id in.',26),(27,'eveniet','Totam nam ut earum ut quo dolores tempore. Eos sed enim reiciendis quis architecto. Est impedit voluptas repudiandae.',27),(28,'consequatur','Dicta explicabo quia culpa. Et saepe accusantium praesentium quia voluptatem. Molestiae et quis placeat modi nisi. Praesentium soluta dolorem aliquid dolorem sit.',28),(29,'et','Eligendi minus et necessitatibus provident id. Accusamus eum qui delectus. Optio accusantium voluptates modi et est doloremque. Rem voluptatum fugit maiores voluptatem nostrum provident. Et quam quisquam incidunt sit.',29),(30,'tenetur','Iure dolor sint eum. Sit eligendi non necessitatibus labore nostrum nulla error mollitia. Officia et et id illum hic ex dolore. Necessitatibus nemo aut molestiae eveniet.',30),(31,'cum','Rerum ullam voluptatem et. Perspiciatis quo rem et totam nobis officiis exercitationem. Delectus rerum unde ut est est assumenda.',31),(32,'est','Natus aut consequatur commodi voluptas. Soluta sit necessitatibus vel nobis necessitatibus. In eligendi cumque numquam in. Culpa qui illo nam ad occaecati.',32),(33,'sed','Doloribus a id qui a error et. Ullam et sit delectus similique itaque ut. Dolor accusamus autem sed eos voluptas at.',33),(34,'reiciendis','Non est soluta ea quia doloribus. Id est quis praesentium.',34),(35,'accusantium','Deserunt nihil eos totam deleniti aut dolorem dolorem optio. Eum quidem nostrum officia qui eligendi. Dolores reprehenderit esse quo ut eos laborum.',35);
/*!40000 ALTER TABLE `communities` ENABLE KEYS */;
UNLOCK TABLES;

--
-- Table structure for table `communities_users`
--

DROP TABLE IF EXISTS `communities_users`;
/*!40101 SET @saved_cs_client     = @@character_set_client */;
/*!50503 SET character_set_client = utf8mb4 */;
CREATE TABLE `communities_users` (
  `community_id` bigint unsigned NOT NULL,
  `user_id` bigint unsigned NOT NULL,
  `created_at` datetime NOT NULL DEFAULT CURRENT_TIMESTAMP,
  PRIMARY KEY (`community_id`,`user_id`),
  KEY `fk_communities_users_comm_idx` (`community_id`),
  KEY `fk_communities_users_users_idx` (`user_id`),
  CONSTRAINT `fk_communities_users_comm` FOREIGN KEY (`community_id`) REFERENCES `communities` (`id`),
  CONSTRAINT `fk_communities_users_users` FOREIGN KEY (`user_id`) REFERENCES `users` (`id`)
) ENGINE=InnoDB DEFAULT CHARSET=utf8mb4 COLLATE=utf8mb4_unicode_ci;
/*!40101 SET character_set_client = @saved_cs_client */;

--
-- Dumping data for table `communities_users`
--

LOCK TABLES `communities_users` WRITE;
/*!40000 ALTER TABLE `communities_users` DISABLE KEYS */;
INSERT INTO `communities_users` VALUES (1,1,'2017-02-11 18:08:34'),(1,36,'1978-04-02 11:41:55'),(1,71,'1983-04-02 06:55:57'),(2,2,'1999-01-29 23:34:39'),(2,37,'1999-01-21 13:32:12'),(2,72,'2002-01-09 03:12:31'),(3,3,'1990-03-18 16:54:09'),(3,38,'1982-03-04 21:09:45'),(3,73,'2006-08-16 01:04:57'),(4,4,'1995-08-10 04:00:46'),(4,39,'2001-04-23 09:37:22'),(4,74,'2019-09-16 00:58:22'),(5,5,'1976-01-17 15:45:25'),(5,40,'1970-08-17 03:59:54'),(5,75,'1992-07-25 03:34:54'),(6,6,'1991-04-21 13:15:41'),(6,41,'1999-12-08 14:01:49'),(6,76,'1974-07-23 22:43:25'),(7,7,'1998-08-17 07:14:30'),(7,42,'2016-01-16 06:53:37'),(7,77,'1974-01-31 23:33:53'),(8,8,'2006-12-31 00:33:55'),(8,43,'2014-09-30 16:36:06'),(8,78,'1997-04-29 11:17:32'),(9,9,'1994-01-19 03:37:41'),(9,44,'2005-02-07 08:57:13'),(9,79,'2012-06-24 10:22:07'),(10,10,'1982-05-09 00:47:20'),(10,45,'1971-12-18 04:27:25'),(10,80,'1996-11-25 01:36:35'),(11,11,'1978-11-10 05:54:33'),(11,46,'2011-03-01 02:28:07'),(11,81,'2001-05-30 00:42:34'),(12,12,'1987-10-17 20:43:27'),(12,47,'2012-07-27 03:05:44'),(12,82,'1980-07-08 09:01:15'),(13,13,'2004-12-21 20:32:24'),(13,48,'1980-06-16 06:07:24'),(13,83,'1981-03-23 22:23:52'),(14,14,'1987-10-06 00:20:55'),(14,49,'2006-06-18 02:22:46'),(14,84,'1976-03-22 10:27:32'),(15,15,'2018-03-16 06:08:24'),(15,50,'2001-12-28 13:34:08'),(15,85,'1982-03-12 18:11:23'),(16,16,'2012-03-13 23:04:59'),(16,51,'2015-09-09 02:23:55'),(16,86,'2002-12-02 16:37:19'),(17,17,'1996-12-05 02:14:31'),(17,52,'1971-12-20 07:14:59'),(17,87,'2005-07-08 04:26:17'),(18,18,'2012-06-18 14:54:16'),(18,53,'2000-10-21 03:09:24'),(18,88,'2004-04-01 00:50:00'),(19,19,'2018-07-23 16:57:12'),(19,54,'1980-07-22 05:16:59'),(19,89,'2012-03-10 10:30:07'),(20,20,'2005-04-19 02:12:29'),(20,55,'1996-12-03 02:36:40'),(20,90,'1980-10-20 18:06:45'),(21,21,'2000-05-15 18:00:10'),(21,56,'1978-08-30 01:40:20'),(21,91,'1978-05-30 16:26:00'),(22,22,'1994-04-26 20:10:34'),(22,57,'1972-12-17 17:37:16'),(22,92,'2010-01-09 07:26:17'),(23,23,'1984-07-04 16:30:46'),(23,58,'2013-03-31 03:49:18'),(23,93,'2011-07-28 01:27:05'),(24,24,'1993-06-15 09:13:20'),(24,59,'2000-11-04 22:19:16'),(24,94,'1982-07-10 04:01:20'),(25,25,'2012-09-27 12:46:55'),(25,60,'2007-03-20 09:45:26'),(25,95,'2010-03-20 17:51:48'),(26,26,'2012-10-11 20:45:40'),(26,61,'2000-08-10 23:28:27'),(26,96,'2011-05-17 00:18:46'),(27,27,'1981-09-03 10:47:01'),(27,62,'2020-11-22 16:07:38'),(27,97,'1986-08-27 01:56:07'),(28,28,'1986-02-09 02:32:26'),(28,63,'2002-06-04 23:01:11'),(28,98,'1996-05-19 20:07:53'),(29,29,'2009-10-30 09:10:15'),(29,64,'2001-11-28 07:17:26'),(29,99,'1993-06-08 21:33:13'),(30,30,'2002-06-18 01:15:42'),(30,65,'1972-02-10 00:35:50'),(30,100,'2003-05-14 21:09:02'),(31,31,'1990-02-10 19:44:03'),(31,66,'2005-11-29 06:01:01'),(32,32,'2017-07-07 19:27:58'),(32,67,'1976-07-17 11:27:55'),(33,33,'2003-07-06 19:27:25'),(33,68,'1981-08-25 20:19:56'),(34,34,'1996-06-27 06:01:10'),(34,69,'2019-02-11 01:08:31'),(35,35,'2010-01-18 12:25:08'),(35,70,'1980-05-07 15:46:31');
/*!40000 ALTER TABLE `communities_users` ENABLE KEYS */;
UNLOCK TABLES;

--
-- Table structure for table `friend_requests`
--

DROP TABLE IF EXISTS `friend_requests`;
/*!40101 SET @saved_cs_client     = @@character_set_client */;
/*!50503 SET character_set_client = utf8mb4 */;
CREATE TABLE `friend_requests` (
  `from_user_id` bigint unsigned NOT NULL,
  `to_user_id` bigint unsigned NOT NULL,
  `accepted` tinyint(1) DEFAULT '0',
  `created_at` datetime DEFAULT CURRENT_TIMESTAMP,
  `updated_at` datetime DEFAULT NULL ON UPDATE CURRENT_TIMESTAMP,
  PRIMARY KEY (`from_user_id`,`to_user_id`),
  KEY `fk_friend_requests_from_user_idx` (`from_user_id`),
  KEY `fk_friend_requests_to_user_idx` (`to_user_id`),
  CONSTRAINT `fk_friend_requests_users_1` FOREIGN KEY (`from_user_id`) REFERENCES `users` (`id`),
  CONSTRAINT `fk_friend_requests_users_2` FOREIGN KEY (`to_user_id`) REFERENCES `users` (`id`)
) ENGINE=InnoDB DEFAULT CHARSET=utf8mb4 COLLATE=utf8mb4_unicode_ci;
/*!40101 SET character_set_client = @saved_cs_client */;

--
-- Dumping data for table `friend_requests`
--

LOCK TABLES `friend_requests` WRITE;
/*!40000 ALTER TABLE `friend_requests` DISABLE KEYS */;
INSERT INTO `friend_requests` VALUES (1,1,0,'2012-05-13 00:12:23','1982-12-06 05:08:11'),(2,2,0,'1984-07-25 05:49:37','2007-05-02 17:20:49'),(3,3,0,'2019-07-26 01:05:56','1978-08-21 00:04:50'),(4,4,0,'1974-05-28 01:12:24','1978-11-12 12:02:07'),(5,5,0,'1979-01-10 13:53:45','1995-03-14 19:56:32'),(6,6,0,'2020-09-22 01:54:49','2009-05-03 09:12:55'),(7,7,0,'2013-03-18 05:40:50','2005-05-02 22:54:17'),(8,8,0,'1986-05-09 10:13:02','1975-04-28 01:39:17'),(9,9,0,'2005-07-24 09:29:09','1979-02-04 21:05:07'),(10,10,0,'2006-05-01 02:28:52','2003-01-27 08:23:20'),(11,11,0,'1970-04-28 16:22:53','1971-04-18 11:43:33'),(12,12,0,'1995-08-18 23:43:44','1982-04-04 07:03:46'),(13,13,0,'1988-12-20 06:01:20','1977-07-17 00:31:23'),(14,14,0,'1978-06-03 15:57:53','2012-04-02 09:57:30'),(15,15,0,'1971-06-25 02:25:17','1988-06-25 13:21:11'),(16,16,0,'2004-11-17 05:31:16','1986-09-04 11:17:43'),(17,17,0,'1977-03-13 13:45:21','1988-10-31 18:05:50'),(18,18,0,'2000-03-21 16:19:34','1998-07-05 07:02:17'),(19,19,0,'1989-08-15 21:15:34','1986-05-13 12:38:37'),(20,20,0,'1990-07-23 09:21:35','2017-09-30 08:18:34'),(21,21,0,'2010-09-17 09:17:11','2007-05-05 06:08:53'),(22,22,0,'1973-03-31 22:07:11','1994-06-29 10:52:43'),(23,23,0,'2021-02-11 10:53:13','1973-11-05 01:48:49'),(24,24,0,'1997-07-31 14:56:27','2016-01-26 17:43:53'),(25,25,0,'1973-08-17 12:12:53','2000-01-01 08:12:13'),(26,26,0,'1997-09-29 13:12:18','1976-12-16 13:38:55'),(27,27,0,'1991-12-28 22:03:17','1996-11-18 14:16:41'),(28,28,0,'1986-04-21 06:46:19','2006-08-20 03:39:27'),(29,29,0,'1971-12-18 13:03:13','2020-05-19 11:23:40'),(30,30,0,'1985-09-07 18:57:19','2016-02-02 10:20:28'),(31,31,0,'2007-04-26 07:43:21','2009-07-21 17:50:58'),(32,32,0,'2004-05-24 20:34:15','2016-04-26 13:11:20'),(33,33,0,'1984-08-09 07:55:09','1974-01-18 23:09:12'),(34,34,0,'1990-01-17 00:58:42','1998-03-09 09:08:51'),(35,35,0,'1999-03-09 04:59:24','2005-11-24 03:45:54'),(36,36,0,'2017-09-02 14:30:19','1981-05-27 16:41:03'),(37,37,0,'2019-11-08 19:56:23','1992-12-07 16:17:39'),(38,38,0,'1989-06-20 11:33:49','1996-02-03 13:09:56'),(39,39,0,'2000-10-03 02:46:40','2018-07-14 07:17:21'),(40,40,0,'1971-07-31 08:48:57','1990-06-10 07:12:47'),(41,41,0,'1988-05-08 14:12:37','2004-12-19 16:08:04'),(42,42,0,'2011-10-17 15:03:58','1985-01-29 07:41:51'),(43,43,0,'2018-07-09 17:02:23','1981-12-19 12:35:37'),(44,44,0,'1994-03-06 11:17:31','1994-04-22 23:50:24'),(45,45,0,'1981-03-22 10:55:12','1992-08-23 21:46:59'),(46,46,0,'1983-10-21 00:30:16','2018-10-27 17:10:10'),(47,47,0,'2004-01-29 23:05:42','1983-11-04 02:14:48'),(48,48,0,'2016-10-21 06:42:45','2001-10-07 11:25:56'),(49,49,0,'1970-01-08 15:54:09','2013-01-01 09:52:41'),(50,50,0,'2000-06-12 07:27:10','2004-08-15 09:54:25'),(51,51,0,'1971-09-11 20:15:14','1984-05-25 22:50:01'),(52,52,0,'1970-07-27 21:10:36','1973-07-25 03:32:10'),(53,53,0,'1998-01-29 21:52:16','2007-12-03 23:27:53'),(54,54,0,'1994-06-04 23:44:43','2018-04-10 17:47:50'),(55,55,0,'2004-03-31 12:26:28','1986-06-01 21:06:28'),(56,56,0,'2005-07-02 07:57:19','1995-04-27 04:59:59'),(57,57,0,'2010-10-01 16:01:53','1980-10-29 05:54:19'),(58,58,0,'2009-04-18 08:37:41','1974-05-20 15:12:27'),(59,59,0,'2020-05-07 06:33:05','1970-10-28 19:48:59'),(60,60,0,'1982-01-20 00:04:34','2003-06-27 02:05:42'),(61,61,0,'1986-01-22 14:54:13','2021-01-05 02:54:46'),(62,62,0,'1996-11-05 12:27:30','1972-11-30 15:35:22'),(63,63,0,'1986-04-17 02:05:49','1979-09-14 19:55:24'),(64,64,0,'1991-10-13 15:04:19','1980-11-07 02:06:23'),(65,65,0,'2000-11-21 18:08:29','1970-05-23 19:23:28'),(66,66,0,'1980-12-15 18:39:25','2003-06-10 20:55:45'),(67,67,0,'2010-02-10 15:06:52','1998-06-29 04:59:39'),(68,68,0,'2001-09-30 03:40:16','1998-09-13 19:34:11'),(69,69,0,'2020-11-20 06:05:54','1974-12-27 13:04:52'),(70,70,0,'2003-12-12 23:49:54','1997-06-09 20:25:35'),(71,71,0,'2009-07-12 04:01:32','1979-08-12 06:30:11'),(72,72,0,'2016-09-08 14:02:39','2020-10-20 04:32:22'),(73,73,0,'2014-04-28 03:58:20','2017-02-06 20:11:03'),(74,74,0,'1996-05-26 19:09:29','1993-11-08 15:26:45'),(75,75,0,'1978-08-21 21:54:15','2020-02-22 05:27:45'),(76,76,0,'1992-08-31 01:46:03','1990-02-17 16:49:04'),(77,77,0,'1987-08-02 03:06:31','2020-04-03 06:23:39'),(78,78,0,'1998-07-31 03:19:10','2019-04-04 15:12:09'),(79,79,0,'2019-06-15 00:04:39','2003-04-26 02:40:02'),(80,80,0,'1994-04-20 06:45:18','1994-12-20 14:25:55'),(81,81,0,'1984-01-27 04:36:50','1975-07-07 05:27:51'),(82,82,0,'1999-07-03 14:47:54','1998-09-26 11:53:58'),(83,83,0,'2011-08-22 10:33:42','1975-02-20 12:28:52'),(84,84,0,'1984-10-08 06:00:42','2014-02-08 13:40:43'),(85,85,0,'1973-02-27 17:40:29','2011-12-06 00:35:04'),(86,86,0,'2011-06-03 07:06:59','1979-02-15 09:44:38'),(87,87,0,'2001-10-16 09:28:30','1983-05-30 13:12:26'),(88,88,0,'1999-07-03 06:50:29','2012-11-19 18:58:47'),(89,89,0,'2007-12-15 08:56:58','1998-10-13 20:04:04'),(90,90,0,'2016-05-28 01:50:53','1982-01-18 04:58:55'),(91,91,0,'1983-09-29 20:22:50','1980-06-21 19:01:36'),(92,92,0,'1972-06-27 03:00:05','2004-07-19 21:07:58'),(93,93,0,'2012-08-19 06:20:41','2006-02-06 09:33:47'),(94,94,0,'2011-04-16 20:26:01','1987-03-13 23:19:25'),(95,95,0,'1995-11-06 03:20:42','2015-07-17 19:32:53'),(96,96,0,'2002-06-14 05:28:46','2014-08-18 21:34:35'),(97,97,0,'1983-11-06 12:00:38','2001-10-16 22:18:57'),(98,98,0,'2006-03-19 23:37:03','1987-04-21 17:07:22'),(99,99,0,'1982-02-28 07:14:11','1999-08-22 09:45:24'),(100,100,0,'2013-05-17 16:49:44','2018-01-02 23:50:01');
/*!40000 ALTER TABLE `friend_requests` ENABLE KEYS */;
UNLOCK TABLES;

--
-- Table structure for table `media`
--

DROP TABLE IF EXISTS `media`;
/*!40101 SET @saved_cs_client     = @@character_set_client */;
/*!50503 SET character_set_client = utf8mb4 */;
CREATE TABLE `media` (
  `id` bigint unsigned NOT NULL AUTO_INCREMENT,
  `user_id` bigint unsigned NOT NULL,
  `media_types_id` int unsigned NOT NULL,
  `file_name` varchar(245) CHARACTER SET utf8mb4 COLLATE utf8mb4_unicode_ci DEFAULT NULL COMMENT '/files/folder/img.png',
  `file_size` bigint DEFAULT NULL,
  `created_at` datetime NOT NULL DEFAULT CURRENT_TIMESTAMP,
  PRIMARY KEY (`id`),
  KEY `fk_media_media_types_idx` (`media_types_id`),
  KEY `fk_media_users_idx` (`user_id`),
  CONSTRAINT `fk_media_media_types` FOREIGN KEY (`media_types_id`) REFERENCES `media_types` (`id`),
  CONSTRAINT `fk_media_users` FOREIGN KEY (`user_id`) REFERENCES `users` (`id`)
) ENGINE=InnoDB AUTO_INCREMENT=101 DEFAULT CHARSET=utf8mb4 COLLATE=utf8mb4_unicode_ci;
/*!40101 SET character_set_client = @saved_cs_client */;

--
-- Dumping data for table `media`
--

LOCK TABLES `media` WRITE;
/*!40000 ALTER TABLE `media` DISABLE KEYS */;
INSERT INTO `media` VALUES (1,1,1,'dolorum',6251983,'1978-11-02 22:28:32'),(2,2,2,'ut',489,'1984-05-06 08:54:16'),(3,3,3,'rerum',200966043,'2008-06-07 06:24:48'),(4,4,4,'reprehenderit',83978604,'2011-11-24 05:10:54'),(5,5,1,'fuga',0,'1973-08-03 21:32:45'),(6,6,2,'ullam',861026278,'1980-04-12 17:08:46'),(7,7,3,'qui',85262,'1998-09-26 01:24:34'),(8,8,4,'alias',999004,'1987-09-27 23:27:31'),(9,9,1,'laborum',520,'1982-09-16 15:45:10'),(10,10,2,'nihil',75,'2014-06-03 07:13:09'),(11,11,3,'architecto',1451752,'2018-01-25 05:35:59'),(12,12,4,'praesentium',64509481,'1976-11-10 06:29:37'),(13,13,1,'harum',964418,'1994-01-30 12:28:37'),(14,14,2,'voluptates',8,'1972-01-20 00:47:26'),(15,15,3,'amet',46,'1980-06-06 15:15:54'),(16,16,4,'commodi',3,'1988-12-29 09:08:26'),(17,17,1,'error',0,'1983-12-23 05:02:30'),(18,18,2,'modi',515,'1994-09-09 14:48:22'),(19,19,3,'eius',965,'1983-03-20 05:58:35'),(20,20,4,'voluptatum',64816988,'1984-03-25 05:37:18'),(21,21,1,'quo',527401,'1996-03-07 21:07:41'),(22,22,2,'ipsum',716,'2016-02-06 11:20:22'),(23,23,3,'recusandae',38692555,'2012-06-22 08:33:44'),(24,24,4,'eos',369743774,'2004-09-15 08:35:34'),(25,25,1,'qui',943760,'1993-03-16 18:05:53'),(26,26,2,'reprehenderit',77295,'1990-09-20 14:57:08'),(27,27,3,'rerum',4,'1979-12-04 09:24:05'),(28,28,4,'architecto',6203848,'2011-06-21 01:03:13'),(29,29,1,'sed',333142,'1995-01-15 15:06:16'),(30,30,2,'animi',148591,'2021-03-08 08:40:41'),(31,31,3,'sed',7959,'1982-01-30 14:01:09'),(32,32,4,'expedita',0,'1988-04-04 08:35:34'),(33,33,1,'sapiente',599398752,'2000-11-10 03:50:44'),(34,34,2,'alias',7324350,'1975-05-28 03:13:57'),(35,35,3,'quos',403,'1987-08-19 21:19:15'),(36,36,4,'sint',80,'1987-06-12 08:59:07'),(37,37,1,'explicabo',951,'1999-03-18 07:01:30'),(38,38,2,'odit',645961462,'1983-09-10 07:52:38'),(39,39,3,'eaque',8061430,'1983-02-12 11:20:08'),(40,40,4,'cumque',422196,'1994-10-25 03:02:46'),(41,41,1,'animi',94422,'2009-06-05 05:21:06'),(42,42,2,'nam',63,'2004-11-03 16:47:33'),(43,43,3,'beatae',50195293,'1992-05-20 19:07:56'),(44,44,4,'voluptas',74134172,'2013-08-17 03:28:01'),(45,45,1,'ut',42402855,'2005-11-14 20:23:30'),(46,46,2,'expedita',0,'1973-05-14 05:52:49'),(47,47,3,'sed',6836,'2003-01-24 11:34:06'),(48,48,4,'illo',425050322,'2009-08-30 06:36:39'),(49,49,1,'voluptatem',297,'2006-08-16 04:46:06'),(50,50,2,'placeat',216761417,'2012-11-09 15:41:45'),(51,51,3,'nesciunt',501535,'1985-07-13 23:34:44'),(52,52,4,'voluptas',3577,'1973-05-31 11:35:52'),(53,53,1,'laudantium',3738,'1973-05-14 12:20:57'),(54,54,2,'nisi',2728,'1974-11-20 09:03:36'),(55,55,3,'dolor',41963663,'1999-09-30 00:34:09'),(56,56,4,'deleniti',2432,'1989-01-07 21:03:19'),(57,57,1,'deserunt',61186,'1994-06-25 04:54:01'),(58,58,2,'ut',2,'1972-02-11 01:50:21'),(59,59,3,'beatae',6418,'2006-09-02 16:42:27'),(60,60,4,'quos',486641676,'1980-12-31 03:39:15'),(61,61,1,'ipsa',8750415,'1989-10-20 22:25:13'),(62,62,2,'nam',0,'1978-05-19 13:39:27'),(63,63,3,'fugiat',850,'1981-08-11 07:47:13'),(64,64,4,'dignissimos',0,'2013-03-03 09:41:26'),(65,65,1,'fuga',5719029,'1979-01-06 07:12:14'),(66,66,2,'sint',0,'1982-08-04 16:48:21'),(67,67,3,'dolor',86,'1982-05-01 20:20:05'),(68,68,4,'amet',42531,'2009-06-12 03:10:33'),(69,69,1,'aut',479549800,'2009-10-15 13:32:19'),(70,70,2,'quo',7089908,'2009-01-06 05:31:36'),(71,71,3,'est',244442823,'2003-04-01 15:36:41'),(72,72,4,'enim',4,'1977-02-16 04:08:18'),(73,73,1,'vel',268201839,'1988-06-16 11:19:03'),(74,74,2,'molestiae',16496092,'1984-06-05 16:19:06'),(75,75,3,'quibusdam',583873,'2001-02-09 08:12:54'),(76,76,4,'harum',39583,'1973-04-16 17:47:53'),(77,77,1,'quibusdam',4587,'1997-01-03 04:59:44'),(78,78,2,'voluptatem',9,'2009-08-20 05:59:13'),(79,79,3,'corporis',436893,'2017-01-14 19:10:11'),(80,80,4,'veritatis',32282,'1998-03-09 11:15:23'),(81,81,1,'vitae',223,'1973-06-06 02:26:19'),(82,82,2,'dolor',4447133,'1984-09-09 22:50:29'),(83,83,3,'animi',94,'1992-04-12 16:23:55'),(84,84,4,'odio',39628,'2017-12-15 02:31:55'),(85,85,1,'suscipit',7218,'1992-06-12 04:58:20'),(86,86,2,'ut',62706,'1974-10-13 08:27:31'),(87,87,3,'ipsa',0,'1971-05-29 00:30:57'),(88,88,4,'eum',0,'1993-11-23 17:15:43'),(89,89,1,'velit',840,'2021-03-14 18:32:31'),(90,90,2,'aut',828576164,'1977-07-18 18:20:44'),(91,91,3,'ab',707127898,'2000-10-28 01:05:19'),(92,92,4,'recusandae',3229,'2011-12-05 09:17:20'),(93,93,1,'ad',5979,'1972-03-21 23:01:52'),(94,94,2,'est',14019040,'2014-05-20 22:41:08'),(95,95,3,'quaerat',4,'2011-08-23 17:57:59'),(96,96,4,'et',35438,'1971-03-01 20:52:11'),(97,97,1,'animi',6986543,'2010-05-16 19:16:43'),(98,98,2,'corporis',0,'2008-12-30 19:18:45'),(99,99,3,'non',95902622,'1992-07-30 09:31:28'),(100,100,4,'maiores',18579741,'2004-04-11 07:24:06');
/*!40000 ALTER TABLE `media` ENABLE KEYS */;
UNLOCK TABLES;

--
-- Table structure for table `media_types`
--

DROP TABLE IF EXISTS `media_types`;
/*!40101 SET @saved_cs_client     = @@character_set_client */;
/*!50503 SET character_set_client = utf8mb4 */;
CREATE TABLE `media_types` (
  `id` int unsigned NOT NULL AUTO_INCREMENT,
  `name` varchar(45) CHARACTER SET utf8mb4 COLLATE utf8mb4_unicode_ci NOT NULL,
  PRIMARY KEY (`id`),
  UNIQUE KEY `name` (`name`)
) ENGINE=InnoDB AUTO_INCREMENT=5 DEFAULT CHARSET=utf8mb4 COLLATE=utf8mb4_unicode_ci;
/*!40101 SET character_set_client = @saved_cs_client */;

--
-- Dumping data for table `media_types`
--

LOCK TABLES `media_types` WRITE;
/*!40000 ALTER TABLE `media_types` DISABLE KEYS */;
INSERT INTO `media_types` VALUES (1,'dolore'),(2,'et'),(4,'odit'),(3,'sunt');
/*!40000 ALTER TABLE `media_types` ENABLE KEYS */;
UNLOCK TABLES;

--
-- Table structure for table `messages`
--

DROP TABLE IF EXISTS `messages`;
/*!40101 SET @saved_cs_client     = @@character_set_client */;
/*!50503 SET character_set_client = utf8mb4 */;
CREATE TABLE `messages` (
  `id` bigint unsigned NOT NULL AUTO_INCREMENT,
  `from_user_id` bigint unsigned NOT NULL,
  `to_user_id` bigint unsigned NOT NULL,
  `txt` text CHARACTER SET utf8mb4 COLLATE utf8mb4_unicode_ci NOT NULL,
  `is_delivered` tinyint(1) DEFAULT '0',
  `created_at` datetime NOT NULL DEFAULT CURRENT_TIMESTAMP,
  `updated_at` datetime DEFAULT NULL ON UPDATE CURRENT_TIMESTAMP,
  PRIMARY KEY (`id`),
  KEY `fk_messages_from_user_idx` (`from_user_id`),
  KEY `fk_messages_to_user_idx` (`to_user_id`),
  CONSTRAINT `fk_messages_users_1` FOREIGN KEY (`from_user_id`) REFERENCES `users` (`id`),
  CONSTRAINT `fk_messages_users_2` FOREIGN KEY (`to_user_id`) REFERENCES `users` (`id`)
) ENGINE=InnoDB AUTO_INCREMENT=201 DEFAULT CHARSET=utf8mb4 COLLATE=utf8mb4_unicode_ci;
/*!40101 SET character_set_client = @saved_cs_client */;

--
-- Dumping data for table `messages`
--

LOCK TABLES `messages` WRITE;
/*!40000 ALTER TABLE `messages` DISABLE KEYS */;
INSERT INTO `messages` VALUES (1,1,1,'',0,'2003-07-19 10:05:44','1984-04-21 04:50:25'),(2,2,2,'',0,'1994-11-22 23:25:25','1992-07-30 07:02:20'),(3,3,3,'',1,'2008-02-14 00:30:17','1984-01-07 03:20:32'),(4,4,4,'',0,'1974-10-03 21:28:57','1995-06-03 11:41:35'),(5,5,5,'',1,'2016-11-07 12:52:11','2008-09-01 18:28:29'),(6,6,6,'',1,'1983-03-22 18:40:05','1973-03-26 07:48:53'),(7,7,7,'',0,'1992-03-08 00:05:12','1978-01-09 06:15:06'),(8,8,8,'',1,'2014-05-15 20:21:49','1991-11-11 04:21:39'),(9,9,9,'',0,'1981-07-12 21:02:47','1974-09-23 19:08:42'),(10,10,10,'',1,'1972-10-30 00:34:26','2010-04-27 10:55:46'),(11,11,11,'',0,'2009-02-15 06:14:25','1998-01-19 05:18:44'),(12,12,12,'',0,'2007-10-20 22:06:51','1989-03-08 18:15:00'),(13,13,13,'',0,'1983-04-07 03:12:59','2010-12-02 14:16:27'),(14,14,14,'',0,'1998-05-03 09:03:02','2010-10-28 09:39:57'),(15,15,15,'',0,'1971-08-28 22:02:55','1997-03-05 22:49:31'),(16,16,16,'',1,'1997-03-04 23:49:37','2012-04-23 07:54:21'),(17,17,17,'',1,'1979-09-20 23:56:12','1989-01-29 01:29:52'),(18,18,18,'',0,'2015-08-09 00:00:43','2019-05-17 09:11:40'),(19,19,19,'',0,'2003-07-19 20:50:45','1998-11-12 23:10:47'),(20,20,20,'',1,'1979-07-29 05:12:35','2007-10-24 09:26:22'),(21,21,21,'',1,'2003-09-27 07:48:32','1975-08-05 04:08:05'),(22,22,22,'',1,'1999-08-18 00:23:24','1983-09-06 05:37:20'),(23,23,23,'',0,'1994-04-28 10:14:44','2010-05-20 02:52:58'),(24,24,24,'',0,'2009-06-08 19:39:43','1979-05-12 04:01:26'),(25,25,25,'',1,'1975-06-06 00:04:32','2002-05-08 19:32:33'),(26,26,26,'',0,'2013-04-20 08:47:26','2021-03-02 02:05:33'),(27,27,27,'',1,'1982-02-08 14:50:06','2001-04-16 04:03:59'),(28,28,28,'',1,'1991-11-18 00:02:25','1976-12-26 01:03:16'),(29,29,29,'',1,'1971-11-25 10:47:02','1998-07-16 22:14:54'),(30,30,30,'',1,'2012-01-09 23:39:39','1990-08-06 15:18:55'),(31,31,31,'',1,'2019-06-30 11:59:22','1992-09-30 13:22:43'),(32,32,32,'',1,'1977-03-11 14:19:20','2001-01-26 02:05:35'),(33,33,33,'',1,'2013-10-21 09:39:53','2004-05-10 20:10:15'),(34,34,34,'',0,'2014-06-17 03:15:16','1994-08-10 17:58:15'),(35,35,35,'',0,'2001-01-05 04:12:50','1999-03-13 04:40:13'),(36,36,36,'',1,'1994-07-17 00:08:06','1997-06-13 08:53:40'),(37,37,37,'',0,'1987-09-27 14:11:29','2014-12-01 09:05:56'),(38,38,38,'',1,'2018-07-09 23:30:09','1994-07-18 21:15:23'),(39,39,39,'',0,'1980-02-03 09:10:51','1986-12-13 22:41:39'),(40,40,40,'',1,'1971-10-02 18:02:45','1983-08-11 12:54:28'),(41,41,41,'',1,'1980-04-04 23:35:38','2013-03-05 19:59:28'),(42,42,42,'',0,'1978-04-18 17:24:47','2003-02-13 17:26:55'),(43,43,43,'',1,'2009-03-30 16:11:55','1986-10-16 09:42:07'),(44,44,44,'',0,'2004-09-16 17:14:32','1993-11-01 03:56:39'),(45,45,45,'',0,'1987-04-20 13:01:05','2008-01-12 07:25:24'),(46,46,46,'',0,'2018-07-27 18:19:08','1984-10-27 21:18:11'),(47,47,47,'',0,'2009-07-08 01:18:47','2020-09-27 20:48:14'),(48,48,48,'',0,'1971-04-22 12:37:45','1978-03-05 16:01:53'),(49,49,49,'',0,'1981-02-16 09:25:25','1981-05-02 10:45:54'),(50,50,50,'',1,'1983-06-13 01:02:22','2014-03-05 16:36:39'),(51,51,51,'',1,'2009-07-26 00:10:31','1982-04-17 13:22:11'),(52,52,52,'',0,'1984-02-10 16:45:12','2015-02-09 16:41:18'),(53,53,53,'',1,'2011-02-11 05:45:05','2018-05-30 01:20:08'),(54,54,54,'',1,'2012-02-10 16:04:57','1971-02-12 16:00:16'),(55,55,55,'',0,'2014-09-25 19:34:47','1997-02-03 05:17:08'),(56,56,56,'',0,'1992-11-17 06:27:31','2010-07-18 13:46:45'),(57,57,57,'',1,'1977-01-14 11:53:03','2011-08-06 11:26:15'),(58,58,58,'',1,'2011-07-24 23:29:10','2005-06-10 10:51:35'),(59,59,59,'',1,'2009-03-31 15:39:30','1981-08-14 15:33:39'),(60,60,60,'',0,'1985-11-14 09:48:15','1998-12-08 20:20:51'),(61,61,61,'',1,'2019-11-30 12:14:22','2016-07-23 12:39:16'),(62,62,62,'',0,'2004-12-23 02:06:50','1991-12-21 14:22:20'),(63,63,63,'',1,'1993-10-24 17:00:05','2019-12-03 02:19:37'),(64,64,64,'',0,'2006-07-24 16:29:43','1994-03-11 02:27:20'),(65,65,65,'',0,'2020-06-20 06:47:46','1982-04-12 09:24:24'),(66,66,66,'',1,'1970-10-09 23:41:33','2017-09-08 20:49:49'),(67,67,67,'',0,'2005-02-24 16:41:33','1990-02-21 13:01:00'),(68,68,68,'',0,'2006-08-18 05:28:04','1976-09-25 10:58:13'),(69,69,69,'',1,'1999-06-17 09:08:16','2009-10-15 09:31:18'),(70,70,70,'',0,'2009-11-05 16:14:47','2003-03-29 10:29:18'),(71,71,71,'',0,'1977-02-02 16:30:04','2001-11-13 18:02:39'),(72,72,72,'',0,'2011-10-28 13:26:57','1980-04-19 13:00:33'),(73,73,73,'',0,'1990-09-03 07:42:17','2019-12-12 06:34:42'),(74,74,74,'',0,'1970-11-03 00:49:18','1988-11-16 00:58:29'),(75,75,75,'',0,'1978-08-05 13:20:26','2018-03-03 19:09:36'),(76,76,76,'',1,'1990-01-13 14:01:01','1972-09-13 02:44:45'),(77,77,77,'',0,'2005-10-24 13:02:22','1998-05-25 03:26:28'),(78,78,78,'',0,'2019-05-19 13:46:12','1981-06-21 21:32:01'),(79,79,79,'',0,'1975-09-14 15:53:54','2020-07-19 14:18:38'),(80,80,80,'',1,'2016-04-16 21:06:04','1972-03-22 21:47:39'),(81,81,81,'',1,'1998-02-11 17:21:15','1975-08-21 14:02:57'),(82,82,82,'',0,'2012-12-01 20:48:10','1980-03-08 22:35:47'),(83,83,83,'',1,'2009-08-09 19:50:12','1996-12-01 18:30:41'),(84,84,84,'',1,'1973-04-28 19:50:17','1992-06-04 07:53:08'),(85,85,85,'',0,'1997-05-13 07:41:06','1998-01-04 20:27:01'),(86,86,86,'',0,'1983-06-15 18:21:21','1987-03-15 08:15:35'),(87,87,87,'',0,'1994-08-20 03:45:35','2011-08-19 04:47:00'),(88,88,88,'',0,'2015-06-27 23:40:28','1982-05-12 00:40:09'),(89,89,89,'',1,'2001-11-29 22:51:04','1987-03-28 11:09:20'),(90,90,90,'',1,'2004-09-28 18:40:33','1985-08-17 12:31:37'),(91,91,91,'',1,'2012-10-28 18:48:51','2016-10-02 08:03:19'),(92,92,92,'',1,'1976-01-06 07:28:10','1973-08-05 22:50:32'),(93,93,93,'',1,'2020-04-05 23:29:35','1994-09-19 22:08:49'),(94,94,94,'',0,'1984-02-20 10:11:28','1977-07-08 12:47:03'),(95,95,95,'',0,'2008-06-10 08:12:18','2014-01-06 04:31:38'),(96,96,96,'',1,'2010-08-14 02:15:36','2012-09-02 16:41:01'),(97,97,97,'',1,'1979-03-07 16:51:58','1998-01-17 18:49:46'),(98,98,98,'',0,'1996-09-16 01:08:08','2016-10-22 05:01:58'),(99,99,99,'',0,'1978-08-26 03:02:32','1980-10-07 23:12:46'),(100,100,100,'',0,'2012-10-27 02:45:21','1987-10-11 11:49:14'),(101,1,1,'',0,'1990-11-11 16:19:18','1990-12-07 08:10:11'),(102,2,2,'',1,'2015-12-11 20:37:23','1976-02-27 06:10:18'),(103,3,3,'',0,'1976-12-30 05:58:24','1981-01-29 16:50:22'),(104,4,4,'',1,'2008-07-01 11:27:49','2015-04-06 02:56:56'),(105,5,5,'',0,'1975-12-19 18:32:10','1993-07-06 01:57:39'),(106,6,6,'',1,'1996-10-10 22:22:00','2012-01-20 16:39:18'),(107,7,7,'',1,'2013-10-31 22:17:00','1985-04-30 08:37:07'),(108,8,8,'',1,'2011-07-04 21:24:19','2010-06-17 10:57:00'),(109,9,9,'',0,'1983-06-22 07:45:00','1974-05-04 01:21:11'),(110,10,10,'',1,'1990-03-09 20:45:21','1980-12-29 19:01:50'),(111,11,11,'',0,'1981-10-21 19:39:07','2016-07-19 10:07:45'),(112,12,12,'',0,'1976-03-05 15:54:19','1999-09-02 08:24:34'),(113,13,13,'',0,'2008-05-28 15:21:27','1973-12-08 11:54:04'),(114,14,14,'',0,'2009-06-28 20:11:41','1984-06-09 05:02:26'),(115,15,15,'',1,'1981-12-22 03:49:02','1979-06-03 10:15:52'),(116,16,16,'',0,'2019-04-24 20:22:45','1984-11-29 13:03:43'),(117,17,17,'',0,'1999-01-17 05:02:54','2004-12-17 20:01:43'),(118,18,18,'',1,'1986-11-05 06:42:11','1978-10-04 01:38:29'),(119,19,19,'',1,'1976-01-31 06:02:34','2011-10-17 14:02:18'),(120,20,20,'',1,'1973-12-27 17:26:30','2000-06-23 19:47:19'),(121,21,21,'',1,'2001-05-11 05:54:29','2007-10-01 12:14:52'),(122,22,22,'',1,'1983-04-02 05:26:42','1995-01-13 17:41:24'),(123,23,23,'',0,'1971-09-15 19:49:17','1979-10-20 14:27:27'),(124,24,24,'',0,'2011-04-22 07:23:55','2020-12-28 14:36:06'),(125,25,25,'',1,'1972-01-16 09:16:24','1994-10-20 05:11:06'),(126,26,26,'',0,'1986-09-16 14:36:43','1995-02-01 09:08:11'),(127,27,27,'',1,'1972-02-05 11:02:51','1974-05-21 12:39:34'),(128,28,28,'',0,'1979-03-16 19:23:06','2015-09-03 13:03:08'),(129,29,29,'',0,'1984-04-10 18:21:01','2009-05-25 16:27:40'),(130,30,30,'',1,'1983-05-05 02:10:02','1986-07-21 22:59:32'),(131,31,31,'',0,'1985-10-03 22:22:58','2013-01-30 03:56:21'),(132,32,32,'',1,'2009-09-29 05:04:55','1998-09-24 21:53:28'),(133,33,33,'',1,'1987-07-22 05:41:16','1994-02-17 04:12:06'),(134,34,34,'',0,'2020-03-08 15:02:29','1989-03-25 12:20:03'),(135,35,35,'',0,'2014-03-28 15:42:50','1977-09-04 20:35:23'),(136,36,36,'',1,'2005-12-06 05:56:48','2014-09-11 21:32:13'),(137,37,37,'',0,'1981-10-13 08:30:45','1981-05-06 15:49:32'),(138,38,38,'',1,'1993-12-17 14:25:58','1990-02-23 04:39:20'),(139,39,39,'',1,'2002-01-01 15:12:55','2004-05-11 03:21:33'),(140,40,40,'',1,'2018-01-22 02:59:24','2014-02-15 00:32:02'),(141,41,41,'',0,'1992-08-22 18:45:59','1976-09-18 20:33:39'),(142,42,42,'',0,'2014-09-06 22:55:57','2015-09-26 16:38:40'),(143,43,43,'',0,'1974-02-07 04:18:28','1996-09-11 07:08:50'),(144,44,44,'',0,'1993-03-11 11:31:06','2007-08-14 00:41:28'),(145,45,45,'',1,'1988-07-07 23:51:35','1972-08-27 21:47:39'),(146,46,46,'',0,'1983-12-11 05:35:34','2015-04-07 01:16:55'),(147,47,47,'',1,'1971-07-28 22:10:47','1992-06-28 04:47:01'),(148,48,48,'',1,'1981-10-25 06:30:19','1985-01-20 20:42:05'),(149,49,49,'',0,'1991-01-12 04:07:38','2006-03-19 20:15:03'),(150,50,50,'',0,'1978-02-24 15:10:20','2011-09-21 04:07:48'),(151,51,51,'',1,'2010-10-29 10:57:42','2017-10-06 20:53:54'),(152,52,52,'',1,'1986-07-05 01:32:43','1976-07-25 11:01:08'),(153,53,53,'',0,'2020-03-16 19:15:05','1972-02-08 02:44:09'),(154,54,54,'',0,'1983-02-07 22:46:54','1999-05-12 11:13:05'),(155,55,55,'',1,'2007-03-13 00:52:09','1996-06-25 01:53:11'),(156,56,56,'',1,'2017-10-03 19:55:19','1991-12-30 09:16:41'),(157,57,57,'',1,'1981-11-22 18:24:49','1978-03-06 03:32:14'),(158,58,58,'',0,'2008-08-05 01:51:40','2011-12-10 10:08:23'),(159,59,59,'',1,'1977-03-20 20:46:16','1975-05-04 18:33:20'),(160,60,60,'',1,'1994-06-25 13:13:41','1977-01-05 22:24:07'),(161,61,61,'',0,'2005-05-03 00:22:55','1974-03-07 09:27:47'),(162,62,62,'',0,'1974-06-12 00:53:37','1985-05-26 13:03:36'),(163,63,63,'',0,'1976-01-26 00:54:04','1978-01-24 01:52:43'),(164,64,64,'',1,'1974-11-22 06:45:08','1988-02-18 21:45:06'),(165,65,65,'',1,'1986-02-02 04:23:13','1997-07-06 04:21:41'),(166,66,66,'',0,'2018-02-05 16:26:00','1984-11-17 20:50:06'),(167,67,67,'',0,'1997-07-30 02:55:13','2005-09-14 09:50:51'),(168,68,68,'',0,'2019-12-11 01:43:00','2017-08-03 21:48:55'),(169,69,69,'',1,'2015-10-13 21:53:58','1981-01-03 00:15:29'),(170,70,70,'',1,'1989-12-10 13:44:31','2004-10-19 12:21:24'),(171,71,71,'',0,'2006-02-09 14:05:54','1988-07-09 13:50:34'),(172,72,72,'',0,'1991-06-01 05:39:11','2009-09-21 04:34:22'),(173,73,73,'',0,'1977-09-24 05:47:41','1977-02-26 21:16:47'),(174,74,74,'',1,'1985-05-10 18:54:05','2003-12-12 21:42:23'),(175,75,75,'',1,'2009-08-23 22:58:41','2000-03-06 21:19:21'),(176,76,76,'',0,'1989-11-10 00:29:05','1992-11-22 18:41:12'),(177,77,77,'',1,'2020-03-24 01:13:48','2011-09-23 22:00:37'),(178,78,78,'',1,'1983-07-20 08:07:09','1998-09-16 23:14:01'),(179,79,79,'',0,'2020-06-03 18:27:29','2005-12-23 13:00:46'),(180,80,80,'',1,'1990-05-29 06:52:44','1975-03-25 08:24:01'),(181,81,81,'',1,'1972-10-07 23:26:07','2013-02-16 20:49:39'),(182,82,82,'',0,'2006-01-06 12:23:20','1999-11-12 03:11:42'),(183,83,83,'',1,'1986-08-30 14:50:18','2019-04-09 22:09:16'),(184,84,84,'',0,'2006-05-23 16:39:22','2013-10-06 19:26:09'),(185,85,85,'',0,'2009-08-04 19:03:28','1974-04-15 16:40:13'),(186,86,86,'',0,'2014-09-13 14:36:45','1977-01-07 23:41:42'),(187,87,87,'',1,'1998-07-13 02:16:30','2007-09-17 18:24:31'),(188,88,88,'',0,'1976-08-09 00:43:47','1996-03-27 22:06:29'),(189,89,89,'',1,'2014-03-04 10:51:47','2006-04-01 02:21:44'),(190,90,90,'',0,'1985-03-13 15:42:11','2009-02-21 13:45:15'),(191,91,91,'',1,'2003-06-01 02:02:55','2002-04-10 05:25:09'),(192,92,92,'',1,'2010-07-12 10:03:12','1987-06-15 14:08:53'),(193,93,93,'',1,'1985-11-02 11:36:04','2013-05-08 06:43:44'),(194,94,94,'',0,'1972-01-01 16:35:28','1988-02-10 01:15:55'),(195,95,95,'',0,'1998-08-28 14:31:36','2020-10-28 09:12:28'),(196,96,96,'',1,'2021-02-16 14:42:16','2013-09-25 16:40:25'),(197,97,97,'',1,'2015-08-05 16:45:00','1986-12-08 08:23:07'),(198,98,98,'',1,'2009-06-15 11:38:52','1991-07-23 06:39:13'),(199,99,99,'',0,'1971-04-21 18:02:43','1990-12-29 22:27:04'),(200,100,100,'',1,'2018-01-25 14:32:00','1990-08-10 02:47:30');
/*!40000 ALTER TABLE `messages` ENABLE KEYS */;
UNLOCK TABLES;

--
-- Table structure for table `profiles`
--

DROP TABLE IF EXISTS `profiles`;
/*!40101 SET @saved_cs_client     = @@character_set_client */;
/*!50503 SET character_set_client = utf8mb4 */;
CREATE TABLE `profiles` (
  `user_id` bigint unsigned NOT NULL,
  `gender` enum('f','m','x') CHARACTER SET utf8mb4 COLLATE utf8mb4_unicode_ci NOT NULL,
  `birthday` date NOT NULL,
  `photo_id` bigint unsigned DEFAULT NULL,
  `user_status` varchar(30) CHARACTER SET utf8mb4 COLLATE utf8mb4_unicode_ci DEFAULT NULL,
  `city` varchar(130) CHARACTER SET utf8mb4 COLLATE utf8mb4_unicode_ci DEFAULT NULL,
  `country` varchar(130) CHARACTER SET utf8mb4 COLLATE utf8mb4_unicode_ci DEFAULT NULL,
  UNIQUE KEY `fk_profiles_users_to_idx` (`user_id`),
  UNIQUE KEY `photo_id` (`photo_id`),
  CONSTRAINT `fk_profiles_users` FOREIGN KEY (`user_id`) REFERENCES `users` (`id`)
) ENGINE=InnoDB DEFAULT CHARSET=utf8mb4 COLLATE=utf8mb4_unicode_ci;
/*!40101 SET character_set_client = @saved_cs_client */;

--
-- Dumping data for table `profiles`
--

LOCK TABLES `profiles` WRITE;
/*!40000 ALTER TABLE `profiles` DISABLE KEYS */;
/*!40000 ALTER TABLE `profiles` ENABLE KEYS */;
UNLOCK TABLES;

--
-- Table structure for table `users`
--

DROP TABLE IF EXISTS `users`;
/*!40101 SET @saved_cs_client     = @@character_set_client */;
/*!50503 SET character_set_client = utf8mb4 */;
CREATE TABLE `users` (
  `id` bigint unsigned NOT NULL AUTO_INCREMENT,
  `first_name` varchar(145) CHARACTER SET utf8mb4 COLLATE utf8mb4_unicode_ci NOT NULL,
  `last_name` varchar(145) CHARACTER SET utf8mb4 COLLATE utf8mb4_unicode_ci NOT NULL,
  `email` varchar(145) CHARACTER SET utf8mb4 COLLATE utf8mb4_unicode_ci NOT NULL,
  `phone` varchar(11) CHARACTER SET utf8mb4 COLLATE utf8mb4_unicode_ci DEFAULT NULL,
  `password_hash` char(65) CHARACTER SET utf8mb4 COLLATE utf8mb4_unicode_ci DEFAULT NULL,
  `created_at` datetime NOT NULL DEFAULT CURRENT_TIMESTAMP,
  PRIMARY KEY (`id`),
  UNIQUE KEY `email_unique` (`email`),
  UNIQUE KEY `phone_unique` (`phone`)
) ENGINE=InnoDB AUTO_INCREMENT=101 DEFAULT CHARSET=utf8mb4 COLLATE=utf8mb4_unicode_ci;
/*!40101 SET character_set_client = @saved_cs_client */;

--
-- Dumping data for table `users`
--

LOCK TABLES `users` WRITE;
/*!40000 ALTER TABLE `users` DISABLE KEYS */;
INSERT INTO `users` VALUES (1,'Lia','Abbott','senger.rowland@example.org','04699708917','38a3daf36fbcbb7a844a9ee30262084494d69f41','1981-01-04 08:12:06'),(2,'Natalia','Casper','olaf.adams@example.org','491.629.218','fa17e9e781679971ce45839b9daf4e886fa1e92f','2016-09-02 19:50:11'),(3,'Madyson','Marks','swift.adella@example.org','836.778.687','3ed9934412c8e0308831429bd60fa6b1764bb23f','1971-02-01 07:32:09'),(4,'Leanne','Kshlerin','kirsten35@example.net','(906)236-01','90e6774837f74765d953674412f900d2713baa4e','2006-04-27 15:06:35'),(5,'Laverne','Rutherford','wcartwright@example.org','(827)419-15','f5865e9ad0c725c5d99d823693afc7b833b8676e','1992-05-13 23:08:24'),(6,'Talon','Greenfelder','grady.edmond@example.com','00982874392','efcffb9d94e8d885774aed073ea2093ceec6cf3c','2007-03-23 10:23:55'),(7,'Palma','Heaney','walsh.genevieve@example.org','657.634.926','a26f5c3de252950a3ae37ba6cce386c839bb822b','2005-01-05 23:43:51'),(8,'Jameson','Wiegand','shields.waylon@example.com','591-260-592','6244f5138591c647a74bdf6d467f268d9a1d1d84','2005-07-09 07:17:27'),(9,'Marie','Stark','vena.stark@example.org','1-408-844-8','ab0bc2dc54745dfb93078f3e6ab7a1c2d3c6a203','1996-06-02 21:51:51'),(10,'River','Abernathy','retta12@example.org','(335)424-75','3b77b8e3f2b4a074ee9f8c7cb240fca12e2cc229','1976-04-17 01:49:11'),(11,'Lea','Pollich','mayert.janice@example.org','(373)789-37','b00fceeb9390229634b00434142a2cd4a3f332f0','2004-02-27 07:17:58'),(12,'Neal','Homenick','earl.leuschke@example.com','1-933-713-8','8348dbefd245ae53496d2e3e920698c6cb2673d8','2003-12-01 00:10:17'),(13,'August','Mueller','predovic.mollie@example.org','1-853-363-9','f90c833bf8acf58f8e1dc6fd6f4088cdbb4e2363','1999-08-31 23:37:47'),(14,'Donato','Mayer','jaskolski.blanca@example.com','1-077-494-5','3be63a818c8bf296214b823e86738815ddab45ff','1992-11-22 12:46:09'),(15,'Zachery','Gerhold','bernardo.kovacek@example.org','752.297.769','96d845226d9ef5cfc280791af214f140997bb549','1990-06-23 20:34:18'),(16,'Maia','Cummings','lavern.christiansen@example.net','034.911.973','0d19bcfa57250b573201fdf5fccf752d4c913a45','2006-10-18 01:03:17'),(17,'Morton','Klocko','bmohr@example.com','(458)591-35','58d7948eed7369b91ccbbe90ae2f2f49d7956b40','2015-03-08 07:41:10'),(18,'Baby','Haag','rosie97@example.com','848-990-041','a3e036ef17fd7fbe60872344c384374037204ef6','2001-06-27 21:45:30'),(19,'Sylvester','Deckow','kayla42@example.net','(533)082-44','37f0d2b7a51209744e351b0c423ed6d96d46588c','2001-06-01 01:35:57'),(20,'Vivien','Glover','emante@example.org','(338)557-58','048eab84a19e26e3e3e6313979d1792f064f3955','1970-06-11 22:26:28'),(21,'Virginie','Hammes','trussel@example.net','524.436.269','863e28db2d2eccc14b7433f300abeb1c01405b91','1993-12-24 19:20:12'),(22,'Noelia','Okuneva','emory20@example.org','711-066-318','74b4267d4f6fcbecdbe50db029cf50869305d2aa','1997-10-21 19:06:26'),(23,'Dovie','Bartoletti','qgoodwin@example.com','1-279-739-9','6884aba2591b48c0313aa6e5414bd58d1eac690a','1979-08-21 17:14:20'),(24,'Armand','McClure','garrison22@example.com','383.245.698','63268a7a7c5c24b9c56fe1c87b07f25d30bc063d','2010-07-26 17:35:37'),(25,'Jenifer','Champlin','idell01@example.net','(109)999-23','a17fb82c75380e3f2e1307beeadf19fa3f15af48','2001-11-11 19:53:00'),(26,'Cydney','Ondricka','edmund.koch@example.com','109-223-314','6cd19dfd4bc1870623cbbc22d6ec3acbe9692971','1980-03-30 00:16:04'),(27,'Veronica','Douglas','onikolaus@example.net','01327209552','2f5d70cfc92627df5a4c6cfa42a7a4ed08ec1d60','2007-08-28 14:18:02'),(28,'Ada','Stark','zoe.ferry@example.org','(439)988-54','8e7363f08ea23b18da1d623101a3fbcf757cdeb6','1993-04-02 14:47:23'),(29,'Jacey','Schmitt','sbrekke@example.net','1-659-501-5','7d42d4f71fa5e7262fcacee50c69d1642fc0922c','2020-11-24 04:48:30'),(30,'Rita','Eichmann','billy.crist@example.com','1-081-877-0','16562ac170e5e1b53e9f6f704de94abd0e1b83bc','1986-11-10 13:22:55'),(31,'Elvie','Powlowski','lueilwitz.tia@example.net','165.941.956','f6882dbab055990442921c2fcd02d9830e102420','2015-02-17 17:48:20'),(32,'Maxine','Lueilwitz','zolson@example.com','1-572-459-0','aef65912c70437f8757a0cde782bda442494200e','1977-08-21 02:34:22'),(33,'Jamaal','Boehm','qruecker@example.com','059.389.615','d9da393a58ffa82007a760cd304208aa2aa0e828','1980-02-08 13:38:14'),(34,'Triston','Lind','dbarrows@example.org','+74(7)09419','08f46e0d5faf3475614f5312febf557f1493d4f4','1992-12-11 00:57:28'),(35,'Willow','Jast','brown.yoshiko@example.com','(161)622-51','06184d381ecd3d06b39eb4db3477d239cd0b0e3b','1979-03-23 10:01:23'),(36,'Brooklyn','Williamson','vstreich@example.org','197-413-549','9fcb39b93a2bc05bce477536953647daa17076ee','1994-06-05 18:58:40'),(37,'Iva','Daugherty','thalia.ruecker@example.com','+46(7)21399','8f446391904507024236408a5455fed6eddea4e5','2005-08-29 14:35:01'),(38,'Amanda','Huel','alvera.shanahan@example.org','07561837393','076d95feb88af3d1640903962d984029ac6f6d52','2004-12-24 00:28:23'),(39,'Rudy','Hudson','eframi@example.org','034-073-953','6d37d21c07770250cda37f375c7b66064525b085','2014-06-23 21:02:38'),(40,'Drake','Predovic','colby.waelchi@example.com','632-381-089','fe0d87edadddc399a715106f09af3e1efe9a0fbe','2001-04-03 05:48:46'),(41,'Amalia','Jakubowski','jbednar@example.net','878-767-522','52101c262175cf91310ca1c62bef195faf471a30','1993-08-07 21:11:05'),(42,'Selina','Pouros','nnolan@example.com','277-849-993','ecba73d8299d337950f5ea4fc8504d0bfbfb3be4','1984-02-21 19:31:14'),(43,'Carlos','McKenzie','bschoen@example.org','09587424801','588bbeaf61234350fd28f8853810b9d6289b983f','1989-06-03 20:24:36'),(44,'Carolyn','Batz','kiana.mckenzie@example.org','156.716.433','bf5ac7b570869487ad7e5bc781244891a8b74b46','1991-12-06 02:50:45'),(45,'Jermaine','Rolfson','emil68@example.net','(766)934-52','ae1f72db4ba02b19936a7b27d5f8682f71b1a3c5','2019-12-07 14:25:53'),(46,'Savanah','Cronin','rey.nitzsche@example.com','309-065-212','ac1630bb93995a6d0f967545301de598e786457a','2006-12-26 15:30:11'),(47,'Loy','Abbott','wmann@example.org','981-239-736','270bff067cf9b2ba389d905d0d9486e92fd877d3','1984-05-26 14:41:42'),(48,'Gerardo','Berge','loren91@example.com','(077)919-49','56f97dfdfdbf7e74d903acf9a9d1925b776d92de','1975-01-29 12:32:02'),(49,'Orie','Marquardt','howe.herman@example.net','735-826-870','aed867460c3b8571dbb2ad1417fad17a2e93f8b6','1986-10-17 21:09:22'),(50,'Santiago','Medhurst','katheryn.borer@example.org','839.324.691','abad81557ab02c092b32d4fbaa044fd6d7dd4d90','1984-06-06 05:02:55'),(51,'Fidel','Maggio','felicia53@example.net','961.980.306','be996902a356e89f51bd79da1d23b4dba96d98d9','2003-08-24 12:37:29'),(52,'Greta','Berge','dietrich.lazaro@example.net','(993)212-20','a7e7ab87f5af976a65b335c0143ade56ebd1edc0','2016-05-24 15:53:32'),(53,'Elizabeth','Gaylord','retha61@example.net','(407)233-48','829032a520c59d1d09eff491d24ca362fae926a3','1983-06-29 13:16:49'),(54,'Jimmy','Satterfield','alexys12@example.com','00916251567','cf8aa9c94fe7e47cddc1b9808ae154c056fe20ae','1970-10-16 12:43:20'),(55,'Friedrich','Kling','zulauf.annalise@example.com','1-051-354-5','b874e6f06f8e1d3f2812178ed353e81250a17be9','1971-09-03 01:03:41'),(56,'Domingo','Gulgowski','eli.cummerata@example.net','1-475-149-9','65407f32b246c9cbc866bf802fcbad8d8b43a368','2018-12-23 16:39:01'),(57,'Wilfrid','Champlin','ciara.powlowski@example.com','221.328.528','43b83874b4024a4a7175add9edb284a93c6b0f6e','1970-03-30 16:20:22'),(58,'Estevan','Halvorson','sydni.dach@example.com','1-752-750-7','f65e9115ac77c04e0ec10cb0656b339cd6852ce7','1990-08-12 09:43:02'),(59,'Letha','Fisher','roberta87@example.net','513-441-920','3d480d66aa3e809a28dc56f7e91041e0647a48f5','2004-11-14 17:10:04'),(60,'Dorris','Huels','streich.josephine@example.com','+74(8)11974','5551dc3b0c2f8292f086141b7910b6c3fa563026','1977-11-13 19:25:57'),(61,'Deshaun','Douglas','derick49@example.net','00898456218','8dcb11baf933b9c989fa5360e61eb3f32f7ff3aa','2016-03-08 01:27:02'),(62,'Fern','Okuneva','trycia15@example.com','1-717-888-5','7b7b6835fa70f7e5564aaa1731d9e0d2f8e715c0','1995-05-15 01:22:07'),(63,'Jayde','Torp','rschamberger@example.net','796-302-378','dd224e300a54524dc8c86acc8c0e3984eae0f958','2010-03-19 20:51:38'),(64,'Donna','Terry','rebecca.cormier@example.net','307-049-934','7311e04ad69e5d257ac628d31db2d8c037d53460','1972-09-10 11:01:54'),(65,'Tristian','Cruickshank','brennon.skiles@example.net','394.527.587','19a36dfbe19f0711a216eda0850f80e1ff0eb56f','1980-03-01 10:23:17'),(66,'Triston','Deckow','arvid52@example.com','438.783.390','ca5bfd619eed04fcc37efef5fe16b0d3ba8c48a5','2007-07-21 22:39:16'),(67,'Jo','Schaden','tkilback@example.com','03359733234','7a9649c430c562d1a36723ca63154de0e8d10b13','2017-09-24 17:41:39'),(68,'Kelli','Brakus','karina61@example.com','816-063-730','4fa82001a2cc2b07a723bda19dc11755c32d5ea2','1998-10-15 15:46:42'),(69,'Myrl','Glover','lromaguera@example.net','260-977-282','270d65e780aaa6ecfeaf11c34dde6465d16b1e44','1999-05-24 02:09:00'),(70,'Napoleon','Cassin','roderick.hessel@example.com','+23(6)94639','05f49fcc56cee0895a72de91c4bc74d958d63121','2009-12-20 22:49:43'),(71,'Olin','Kris','xlang@example.com','(826)260-75','8ee0e96b0425323c75af791695985a3b929bd7af','1977-07-05 19:34:36'),(72,'Linnie','Hayes','kylie73@example.org','655-545-398','ccae1b3184215c924cd7ca7490d5d0c8f291be01','1997-12-24 07:46:56'),(73,'Magali','Jerde','alec.leuschke@example.org','292-346-805','d688b4b09ffb5bc746289ebe9259b2c5e7ac7dd4','2014-06-30 15:46:07'),(74,'Winston','Crist','erik.berge@example.org','684.902.412','3434cc3f81c2abe17648fd39a482ec0bba2cf234','2001-11-02 06:14:00'),(75,'Granville','Doyle','aidan58@example.net','+98(0)52363','41cb547b2a68e1383c7895fb15eff01c0913e0ce','2002-02-25 19:23:20'),(76,'Jerald','Lynch','davion.hamill@example.org','(343)653-16','5e8899be95a6bd301c2e396c71597afc683a5bcb','1982-12-20 07:32:51'),(77,'Dakota','Block','solon.herman@example.net','1-035-504-1','7daaf8cb6192582b20f8b580d57ddba5223803f3','2010-04-07 18:47:58'),(78,'Brandy','Berge','bechtelar.toni@example.com','(838)033-48','f6d68855258652cf5460905dde63a0dfbdf08a13','2008-04-03 03:36:40'),(79,'Retta','Durgan','meghan.effertz@example.net','+80(5)35068','29d812329aa69afaf1619869b9d859b3223acc17','1985-06-21 23:53:18'),(80,'Stephan','Pouros','oo\'reilly@example.org','(226)849-73','c79a9c7697260f3108a2ff18c0d651a170fba9a6','1999-07-01 20:28:14'),(81,'Fletcher','Lubowitz','blick.estrella@example.net','(764)781-32','64db5a9bd9212dbb397c614abafffa0a5cd25807','1989-08-22 08:57:52'),(82,'Gladys','Robel','lew58@example.org','1-665-496-1','3e3ce758a8ca96536190e4f1b05439863ed2537e','1979-07-07 07:44:10'),(83,'Junior','Hilll','rkuphal@example.net','(956)635-71','861a5aee7346c180b781b7001074916244764115','1992-09-22 00:50:21'),(84,'Raleigh','Schuster','vcollins@example.net','133-580-132','924fc3e8e210dad431d6d129ecbfeef3a34eb528','2008-07-16 05:44:39'),(85,'Tracy','Wiegand','hermiston.jarret@example.net','232-031-363','9dc3e26cfedacd32bf6c8971916ce253ed632568','2010-05-06 22:39:56'),(86,'Frederique','Kozey','garry.schultz@example.net','000-227-264','bb6e2b2351ffbeb6c6eb0b2c38af296d73fb840c','1999-05-12 00:23:04'),(87,'Ashleigh','Glover','myrtice.schneider@example.org','(106)464-48','d0b718b22e896bf86a2bb39ce38fb77dd5d62a93','2016-06-29 04:19:12'),(88,'Walter','Morissette','kassandra96@example.org','(791)010-11','b8dd3c91caaf35577f2eb49ccb7ae9b9e6f9c221','2021-01-18 14:00:31'),(89,'Macey','Gleason','vicenta04@example.org','1-488-998-5','b4daa9c15f9741346edea80c8c5d0c1d5671a8e2','2008-09-09 11:26:20'),(90,'Amelie','Abbott','sebastian26@example.net','836-371-976','742a2084704f5a919f6e7cc7d08cc6f6d87e7711','2002-03-23 12:35:21'),(91,'Joey','Auer','wisoky.sebastian@example.org','877-559-165','2ad1259d112d7d7a2c2dd3367684deca9166a3da','1975-06-27 09:55:10'),(92,'Genevieve','Botsford','frami.meggie@example.org','1-014-586-7','273c1c76217976f5b50bad572d580edfeb71d269','1973-11-30 11:03:42'),(93,'Troy','Schmeler','fmedhurst@example.com','239.734.889','3c94853d685cb544dd8e1a33573e2e920d10b840','2011-08-17 17:48:26'),(94,'Vidal','Rau','jalyn88@example.org','130-789-311','650676cae359371ac1b9831af39145ec55c675e5','2014-03-12 07:45:27'),(95,'Gudrun','Walter','dabernathy@example.com','465-821-460','062399ad75b041531b8d8a6ccb4a5caf33844336','1983-09-16 00:37:12'),(96,'Edward','Pfeffer','laron.heaney@example.net','(203)558-74','696b051dda7858082dab15c8c6474c8a74871010','2013-05-31 17:56:29'),(97,'Baylee','Murazik','nmarvin@example.org','1-048-993-3','d5479ccbed1721f98f329b97fb17d0dd20cd689c','1975-01-16 12:57:57'),(98,'Shyanne','Boehm','qo\'connell@example.com','980-604-816','d69e1b977941f68ab92c82927f953c0e16c30b0c','1970-11-11 18:02:29'),(99,'Freda','Flatley','sonia75@example.org','1-148-320-3','2959c4616343db65ccad6a48e2a2a77345b56412','1982-05-20 22:22:53'),(100,'Shaniya','Morar','corine64@example.com','774.932.705','783b850e510e3c3896bc092d8420aa2db0ff6c60','2020-04-20 11:18:00');
/*!40000 ALTER TABLE `users` ENABLE KEYS */;
UNLOCK TABLES;
/*!40103 SET TIME_ZONE=@OLD_TIME_ZONE */;

/*!40101 SET SQL_MODE=@OLD_SQL_MODE */;
/*!40014 SET FOREIGN_KEY_CHECKS=@OLD_FOREIGN_KEY_CHECKS */;
/*!40014 SET UNIQUE_CHECKS=@OLD_UNIQUE_CHECKS */;
/*!40101 SET CHARACTER_SET_CLIENT=@OLD_CHARACTER_SET_CLIENT */;
/*!40101 SET CHARACTER_SET_RESULTS=@OLD_CHARACTER_SET_RESULTS */;
/*!40101 SET COLLATION_CONNECTION=@OLD_COLLATION_CONNECTION */;
/*!40111 SET SQL_NOTES=@OLD_SQL_NOTES */;

-- Dump completed on 2021-03-22 22:34:24
